,ecutrho,k_density,ecutwfc,n_iterations,time,converged,accuracy,fermi,total_energy,delta_E,Lant,PTC1,PTC2,PTC3,PTC4,PTC5,PTC6,PTC7,PTC8,PTC9,PTC10,PTC11,PTC12,PTC13,PTC14,PTC15,PTC16,PTC17,PTC18
0,140,10,100,10,128168,True,8.6e-11,1.7234,-57.526460025,6.356499999782272e-05,0.0,0.5,0.0,0.0,0.0,0.0,0.0,0.0,0.0,0.0,0.0,0.0,0.0,0.0,0.0,0.5,0.0,0.0,0.0
1,140,2,100,10,108,True,1.7e-10,2.0159,-57.526665335,-0.00014174500000052603,0.0,0.5,0.0,0.0,0.0,0.0,0.0,0.0,0.0,0.0,0.0,0.0,0.0,0.0,0.0,0.5,0.0,0.0,0.0
2,140,4,100,14,9033,True,4.5e-11,1.6535,-57.5288531,-0.002329510000002699,0.0,0.5,0.0,0.0,0.0,0.0,0.0,0.0,0.0,0.0,0.0,0.0,0.0,0.0,0.0,0.5,0.0,0.0,0.0
3,140,6,100,10,23160,True,5.5e-10,1.7116,-57.526323645,0.00019994499999853588,0.0,0.5,0.0,0.0,0.0,0.0,0.0,0.0,0.0,0.0,0.0,0.0,0.0,0.0,0.0,0.5,0.0,0.0,0.0
4,140,8,100,10,58117,True,8.7e-10,1.7265,-57.526468575,5.501499999382986e-05,0.0,0.5,0.0,0.0,0.0,0.0,0.0,0.0,0.0,0.0,0.0,0.0,0.0,0.0,0.0,0.5,0.0,0.0,0.0
5,180,10,100,10,146093,True,8.3e-11,1.7232,-57.526497945,2.564499999380132e-05,0.0,0.5,0.0,0.0,0.0,0.0,0.0,0.0,0.0,0.0,0.0,0.0,0.0,0.0,0.0,0.5,0.0,0.0,0.0
6,180,2,100,10,1028,True,3.1e-10,2.0156,-57.52670359,-0.00018000000000029104,0.0,0.5,0.0,0.0,0.0,0.0,0.0,0.0,0.0,0.0,0.0,0.0,0.0,0.0,0.0,0.5,0.0,0.0,0.0
7,180,4,100,9,7057,True,1.2e-10,1.6533,-57.528890855,-0.0023672650000037265,0.0,0.5,0.0,0.0,0.0,0.0,0.0,0.0,0.0,0.0,0.0,0.0,0.0,0.0,0.0,0.5,0.0,0.0,0.0
8,180,6,100,10,27094,True,4.3e-10,1.7114,-57.526361545,0.00016204499999616928,0.0,0.5,0.0,0.0,0.0,0.0,0.0,0.0,0.0,0.0,0.0,0.0,0.0,0.0,0.0,0.5,0.0,0.0,0.0
9,180,8,100,10,65150,True,7.1e-10,1.7263,-57.52650651,1.7079999999225493e-05,0.0,0.5,0.0,0.0,0.0,0.0,0.0,0.0,0.0,0.0,0.0,0.0,0.0,0.0,0.0,0.5,0.0,0.0,0.0
10,220,10,100,10,135122,True,8.1e-11,1.7231,-57.52651103,1.2559999994721238e-05,0.0,0.5,0.0,0.0,0.0,0.0,0.0,0.0,0.0,0.0,0.0,0.0,0.0,0.0,0.0,0.5,0.0,0.0,0.0
11,220,2,100,10,1013,True,3.1e-10,2.0155,-57.52671697,-0.00019338000000601596,0.0,0.5,0.0,0.0,0.0,0.0,0.0,0.0,0.0,0.0,0.0,0.0,0.0,0.0,0.0,0.5,0.0,0.0,0.0
12,220,4,100,9,6087,True,3.8e-10,1.6532,-57.52890386,-0.002380270000003293,0.0,0.5,0.0,0.0,0.0,0.0,0.0,0.0,0.0,0.0,0.0,0.0,0.0,0.0,0.0,0.5,0.0,0.0,0.0
13,220,6,100,10,25074,True,4.4e-10,1.7114,-57.526374625,0.0001489649999939502,0.0,0.5,0.0,0.0,0.0,0.0,0.0,0.0,0.0,0.0,0.0,0.0,0.0,0.0,0.0,0.5,0.0,0.0,0.0
14,220,8,100,10,61062,True,6.3e-10,1.7262,-57.526519595,3.994999993039983e-06,0.0,0.5,0.0,0.0,0.0,0.0,0.0,0.0,0.0,0.0,0.0,0.0,0.0,0.0,0.0,0.5,0.0,0.0,0.0
15,260,10,100,10,138039,True,7.9e-11,1.7231,-57.52651384,9.749999996699898e-06,0.0,0.5,0.0,0.0,0.0,0.0,0.0,0.0,0.0,0.0,0.0,0.0,0.0,0.0,0.0,0.5,0.0,0.0,0.0
16,260,2,100,10,1015,True,3.1e-10,2.0155,-57.52671977,-0.0001961800000032099,0.0,0.5,0.0,0.0,0.0,0.0,0.0,0.0,0.0,0.0,0.0,0.0,0.0,0.0,0.0,0.5,0.0,0.0,0.0
17,260,4,100,9,6100,True,4e-10,1.6532,-57.528906665,-0.002383075000004453,0.0,0.5,0.0,0.0,0.0,0.0,0.0,0.0,0.0,0.0,0.0,0.0,0.0,0.0,0.0,0.5,0.0,0.0,0.0
18,260,6,100,10,25111,True,4.5e-10,1.7114,-57.52637743,0.00014615999999989526,0.0,0.5,0.0,0.0,0.0,0.0,0.0,0.0,0.0,0.0,0.0,0.0,0.0,0.0,0.0,0.5,0.0,0.0,0.0
19,260,8,100,10,62074,True,7e-10,1.7262,-57.5265224,1.1899999989850585e-06,0.0,0.5,0.0,0.0,0.0,0.0,0.0,0.0,0.0,0.0,0.0,0.0,0.0,0.0,0.0,0.5,0.0,0.0,0.0
20,300,10,100,8,110131,True,1e-09,1.723,-57.5265184,5.189999995991457e-06,0.0,0.5,0.0,0.0,0.0,0.0,0.0,0.0,0.0,0.0,0.0,0.0,0.0,0.0,0.0,0.5,0.0,0.0,0.0
21,300,2,100,10,1024,True,3.1e-10,2.0155,-57.526724395,-0.00020080500000574375,0.0,0.5,0.0,0.0,0.0,0.0,0.0,0.0,0.0,0.0,0.0,0.0,0.0,0.0,0.0,0.5,0.0,0.0,0.0
22,300,4,100,9,7053,True,3.9e-10,1.6531,-57.528911215,-0.002387625000004334,0.0,0.5,0.0,0.0,0.0,0.0,0.0,0.0,0.0,0.0,0.0,0.0,0.0,0.0,0.0,0.5,0.0,0.0,0.0
23,300,6,100,10,27116,True,4.6e-10,1.7114,-57.526381995,0.0001415949999952204,0.0,0.5,0.0,0.0,0.0,0.0,0.0,0.0,0.0,0.0,0.0,0.0,0.0,0.0,0.0,0.5,0.0,0.0,0.0
24,300,8,100,10,66171,True,6.7e-10,1.7262,-57.526526965,-3.375000005689799e-06,0.0,0.5,0.0,0.0,0.0,0.0,0.0,0.0,0.0,0.0,0.0,0.0,0.0,0.0,0.0,0.5,0.0,0.0,0.0
25,340,10,100,8,112061,True,9.6e-10,1.723,-57.52652179,1.7999999997186933e-06,0.0,0.5,0.0,0.0,0.0,0.0,0.0,0.0,0.0,0.0,0.0,0.0,0.0,0.0,0.0,0.5,0.0,0.0,0.0
26,340,2,100,10,1034,True,2e-10,2.0155,-57.526727755,-0.00020416500000663973,0.0,0.5,0.0,0.0,0.0,0.0,0.0,0.0,0.0,0.0,0.0,0.0,0.0,0.0,0.0,0.5,0.0,0.0,0.0
27,340,4,100,10,8045,True,7e-11,1.6532,-57.52891462,-0.0023910300000054008,0.0,0.5,0.0,0.0,0.0,0.0,0.0,0.0,0.0,0.0,0.0,0.0,0.0,0.0,0.0,0.5,0.0,0.0,0.0
28,340,6,100,10,27138,True,4.7e-10,1.7114,-57.526385385,0.00013820499999894764,0.0,0.5,0.0,0.0,0.0,0.0,0.0,0.0,0.0,0.0,0.0,0.0,0.0,0.0,0.0,0.5,0.0,0.0,0.0
29,340,8,100,10,66152,True,7.8e-10,1.7262,-57.526530355,-6.765000001962562e-06,0.0,0.5,0.0,0.0,0.0,0.0,0.0,0.0,0.0,0.0,0.0,0.0,0.0,0.0,0.0,0.5,0.0,0.0,0.0
30,380,10,100,8,119140,True,7.7e-10,1.723,-57.52652359,0.0,0.0,0.5,0.0,0.0,0.0,0.0,0.0,0.0,0.0,0.0,0.0,0.0,0.0,0.0,0.0,0.5,0.0,0.0,0.0
31,380,2,100,10,1046,True,2.1e-10,2.0155,-57.52672957,-0.00020598000000404681,0.0,0.5,0.0,0.0,0.0,0.0,0.0,0.0,0.0,0.0,0.0,0.0,0.0,0.0,0.0,0.5,0.0,0.0,0.0
32,380,4,100,14,12056,True,3.7e-10,1.6532,-57.528916415,-0.002392825000001153,0.0,0.5,0.0,0.0,0.0,0.0,0.0,0.0,0.0,0.0,0.0,0.0,0.0,0.0,0.0,0.5,0.0,0.0,0.0
33,380,6,100,10,30100,True,4.8e-10,1.7114,-57.526387185,0.00013640499999922895,0.0,0.5,0.0,0.0,0.0,0.0,0.0,0.0,0.0,0.0,0.0,0.0,0.0,0.0,0.0,0.5,0.0,0.0,0.0
34,380,8,100,11,78121,True,2.2e-11,1.7263,-57.526532155,-8.565000001681256e-06,0.0,0.5,0.0,0.0,0.0,0.0,0.0,0.0,0.0,0.0,0.0,0.0,0.0,0.0,0.0,0.5,0.0,0.0,0.0
35,380,4,25,8,4074,True,9.9e-10,1.7004,-57.479332115,0.047191474999998206,0.0,0.5,0.0,0.0,0.0,0.0,0.0,0.0,0.0,0.0,0.0,0.0,0.0,0.0,0.0,0.5,0.0,0.0,0.0
36,100,2,30,8,71,True,5e-10,2.04,-57.516260755,0.010262834999998915,0.0,0.5,0.0,0.0,0.0,0.0,0.0,0.0,0.0,0.0,0.0,0.0,0.0,0.0,0.0,0.5,0.0,0.0,0.0
37,180,2,30,8,75,True,5.1e-10,2.0349,-57.516785635,0.009737954999998522,0.0,0.5,0.0,0.0,0.0,0.0,0.0,0.0,0.0,0.0,0.0,0.0,0.0,0.0,0.0,0.5,0.0,0.0,0.0
38,180,4,30,8,4068,True,2.4e-10,1.6718,-57.51942199,0.007101599999998598,0.0,0.5,0.0,0.0,0.0,0.0,0.0,0.0,0.0,0.0,0.0,0.0,0.0,0.0,0.0,0.5,0.0,0.0,0.0
39,220,2,30,8,70,True,5e-10,2.0348,-57.516799325,0.009724264999995569,0.0,0.5,0.0,0.0,0.0,0.0,0.0,0.0,0.0,0.0,0.0,0.0,0.0,0.0,0.0,0.5,0.0,0.0,0.0
40,220,4,30,8,4070,True,2.4e-10,1.6718,-57.51943535,0.007088239999994528,0.0,0.5,0.0,0.0,0.0,0.0,0.0,0.0,0.0,0.0,0.0,0.0,0.0,0.0,0.0,0.5,0.0,0.0,0.0
41,260,2,30,8,71,True,5e-10,2.0348,-57.51680193,0.009721659999996746,0.0,0.5,0.0,0.0,0.0,0.0,0.0,0.0,0.0,0.0,0.0,0.0,0.0,0.0,0.0,0.5,0.0,0.0,0.0
42,260,4,30,8,4072,True,2.4e-10,1.6718,-57.51943796,0.007085629999998844,0.0,0.5,0.0,0.0,0.0,0.0,0.0,0.0,0.0,0.0,0.0,0.0,0.0,0.0,0.0,0.5,0.0,0.0,0.0
43,300,2,30,8,69,True,4.9e-10,2.0348,-57.516806535,0.009717054999995867,0.0,0.5,0.0,0.0,0.0,0.0,0.0,0.0,0.0,0.0,0.0,0.0,0.0,0.0,0.0,0.5,0.0,0.0,0.0
44,380,2,30,8,74,True,4.7e-10,2.0348,-57.516811815,0.009711774999999534,0.0,0.5,0.0,0.0,0.0,0.0,0.0,0.0,0.0,0.0,0.0,0.0,0.0,0.0,0.0,0.5,0.0,0.0,0.0
45,380,4,30,8,4068,True,3e-10,1.6718,-57.519447725,0.00707586499999735,0.0,0.5,0.0,0.0,0.0,0.0,0.0,0.0,0.0,0.0,0.0,0.0,0.0,0.0,0.0,0.5,0.0,0.0,0.0
46,380,6,30,8,14155,True,2.1e-10,1.7311,-57.51683604,0.009687549999995326,0.0,0.5,0.0,0.0,0.0,0.0,0.0,0.0,0.0,0.0,0.0,0.0,0.0,0.0,0.0,0.5,0.0,0.0,0.0
47,380,8,30,8,36096,True,4.7e-10,1.7456,-57.51707167,0.009451919999996505,0.0,0.5,0.0,0.0,0.0,0.0,0.0,0.0,0.0,0.0,0.0,0.0,0.0,0.0,0.0,0.5,0.0,0.0,0.0
48,100,2,35,9,80,True,4e-10,2.025,-57.524591765,0.001931824999999776,0.0,0.5,0.0,0.0,0.0,0.0,0.0,0.0,0.0,0.0,0.0,0.0,0.0,0.0,0.0,0.5,0.0,0.0,0.0
49,100,4,35,8,4079,True,7.4e-10,1.6627,-57.526642105,-0.00011851500000403803,0.0,0.5,0.0,0.0,0.0,0.0,0.0,0.0,0.0,0.0,0.0,0.0,0.0,0.0,0.0,0.5,0.0,0.0,0.0
50,100,6,35,8,14154,True,8.7e-10,1.7214,-57.52412387,0.002399719999999661,0.0,0.5,0.0,0.0,0.0,0.0,0.0,0.0,0.0,0.0,0.0,0.0,0.0,0.0,0.0,0.5,0.0,0.0,0.0
51,100,8,35,10,46121,True,2.2e-11,1.7363,-57.524274125,0.0022494649999984517,0.0,0.5,0.0,0.0,0.0,0.0,0.0,0.0,0.0,0.0,0.0,0.0,0.0,0.0,0.0,0.5,0.0,0.0,0.0
52,140,10,35,8,74103,True,9.7e-10,1.7277,-57.52474051,0.001783079999995607,0.0,0.5,0.0,0.0,0.0,0.0,0.0,0.0,0.0,0.0,0.0,0.0,0.0,0.0,0.0,0.5,0.0,0.0,0.0
53,140,2,35,9,79,True,3.6e-10,2.0198,-57.52507185,0.0014517399999931513,0.0,0.5,0.0,0.0,0.0,0.0,0.0,0.0,0.0,0.0,0.0,0.0,0.0,0.0,0.0,0.5,0.0,0.0,0.0
54,140,4,35,8,4083,True,6.7e-10,1.6576,-57.527123345,-0.0005997550000031993,0.0,0.5,0.0,0.0,0.0,0.0,0.0,0.0,0.0,0.0,0.0,0.0,0.0,0.0,0.0,0.5,0.0,0.0,0.0
55,140,6,35,8,15081,True,8.1e-10,1.7162,-57.52460542,0.0019181699999961666,0.0,0.5,0.0,0.0,0.0,0.0,0.0,0.0,0.0,0.0,0.0,0.0,0.0,0.0,0.0,0.5,0.0,0.0,0.0
56,140,8,35,10,50121,True,2.1e-11,1.7312,-57.524755695,0.0017678949999933025,0.0,0.5,0.0,0.0,0.0,0.0,0.0,0.0,0.0,0.0,0.0,0.0,0.0,0.0,0.0,0.5,0.0,0.0,0.0
57,180,10,35,10,92037,True,6.5e-12,1.7275,-57.5247756,0.0017479899999983672,0.0,0.5,0.0,0.0,0.0,0.0,0.0,0.0,0.0,0.0,0.0,0.0,0.0,0.0,0.0,0.5,0.0,0.0,0.0
58,180,2,35,9,76,True,3.6e-10,2.0195,-57.525107115,0.0014164749999991955,0.0,0.5,0.0,0.0,0.0,0.0,0.0,0.0,0.0,0.0,0.0,0.0,0.0,0.0,0.0,0.5,0.0,0.0,0.0
59,180,4,35,8,4087,True,7e-10,1.6574,-57.527158305,-0.0006347150000038937,0.0,0.5,0.0,0.0,0.0,0.0,0.0,0.0,0.0,0.0,0.0,0.0,0.0,0.0,0.0,0.5,0.0,0.0,0.0
60,180,6,35,8,15120,True,8.4e-10,1.716,-57.52464051,0.0018830799999989267,0.0,0.5,0.0,0.0,0.0,0.0,0.0,0.0,0.0,0.0,0.0,0.0,0.0,0.0,0.0,0.5,0.0,0.0,0.0
61,180,8,35,10,47070,True,1e-11,1.731,-57.524790785,0.0017328049999960626,0.0,0.5,0.0,0.0,0.0,0.0,0.0,0.0,0.0,0.0,0.0,0.0,0.0,0.0,0.0,0.5,0.0,0.0,0.0
62,220,10,35,8,74043,True,9.8e-10,1.7274,-57.52478879,0.0017347999999941521,0.0,0.5,0.0,0.0,0.0,0.0,0.0,0.0,0.0,0.0,0.0,0.0,0.0,0.0,0.0,0.5,0.0,0.0,0.0
63,220,2,35,9,90,True,3.5e-10,2.0195,-57.52512059,0.0014029999999962683,0.0,0.5,0.0,0.0,0.0,0.0,0.0,0.0,0.0,0.0,0.0,0.0,0.0,0.0,0.0,0.5,0.0,0.0,0.0
64,220,4,35,8,4084,True,6.8e-10,1.6573,-57.52717142,-0.000647830000005456,0.0,0.5,0.0,0.0,0.0,0.0,0.0,0.0,0.0,0.0,0.0,0.0,0.0,0.0,0.0,0.5,0.0,0.0,0.0
65,220,6,35,8,16128,True,8.2e-10,1.716,-57.524653695,0.001869894999998678,0.0,0.5,0.0,0.0,0.0,0.0,0.0,0.0,0.0,0.0,0.0,0.0,0.0,0.0,0.0,0.5,0.0,0.0,0.0
66,220,8,35,10,47052,True,1.1e-11,1.7309,-57.524803975,0.001719614999998953,0.0,0.5,0.0,0.0,0.0,0.0,0.0,0.0,0.0,0.0,0.0,0.0,0.0,0.0,0.0,0.5,0.0,0.0,0.0
67,260,10,35,8,74055,True,9.5e-10,1.7274,-57.524791485,0.0017321049999949878,0.0,0.5,0.0,0.0,0.0,0.0,0.0,0.0,0.0,0.0,0.0,0.0,0.0,0.0,0.0,0.5,0.0,0.0,0.0
68,260,2,35,9,83,True,3.4e-10,2.0195,-57.525123275,0.0014003149999979314,0.0,0.5,0.0,0.0,0.0,0.0,0.0,0.0,0.0,0.0,0.0,0.0,0.0,0.0,0.0,0.5,0.0,0.0,0.0
69,260,4,35,8,4089,True,6.7e-10,1.6573,-57.52717411,-0.0006505200000006539,0.0,0.5,0.0,0.0,0.0,0.0,0.0,0.0,0.0,0.0,0.0,0.0,0.0,0.0,0.0,0.5,0.0,0.0,0.0
70,260,6,35,8,15095,True,8e-10,1.716,-57.52465639,0.0018671999999995137,0.0,0.5,0.0,0.0,0.0,0.0,0.0,0.0,0.0,0.0,0.0,0.0,0.0,0.0,0.0,0.5,0.0,0.0,0.0
71,260,8,35,10,46102,True,1.2e-11,1.7309,-57.52480667,0.0017169199999997886,0.0,0.5,0.0,0.0,0.0,0.0,0.0,0.0,0.0,0.0,0.0,0.0,0.0,0.0,0.0,0.5,0.0,0.0,0.0
72,300,10,35,8,79137,True,9.3e-10,1.7274,-57.52479597,0.0017276199999969322,0.0,0.5,0.0,0.0,0.0,0.0,0.0,0.0,0.0,0.0,0.0,0.0,0.0,0.0,0.0,0.5,0.0,0.0,0.0
73,300,2,35,9,85,True,3.4e-10,2.0194,-57.52512783,0.001395759999994084,0.0,0.5,0.0,0.0,0.0,0.0,0.0,0.0,0.0,0.0,0.0,0.0,0.0,0.0,0.0,0.5,0.0,0.0,0.0
74,300,4,35,8,4088,True,6.6e-10,1.6573,-57.52717858,-0.0006549900000010211,0.0,0.5,0.0,0.0,0.0,0.0,0.0,0.0,0.0,0.0,0.0,0.0,0.0,0.0,0.0,0.5,0.0,0.0,0.0
75,300,6,35,8,16129,True,7.9e-10,1.716,-57.52466087,0.001862719999998319,0.0,0.5,0.0,0.0,0.0,0.0,0.0,0.0,0.0,0.0,0.0,0.0,0.0,0.0,0.0,0.5,0.0,0.0,0.0
76,300,8,35,10,50105,True,1.5e-11,1.7309,-57.524811155,0.0017124349999946276,0.0,0.5,0.0,0.0,0.0,0.0,0.0,0.0,0.0,0.0,0.0,0.0,0.0,0.0,0.0,0.5,0.0,0.0,0.0
77,340,10,35,8,80060,True,8.8e-10,1.7274,-57.524799415,0.0017241749999996614,0.0,0.5,0.0,0.0,0.0,0.0,0.0,0.0,0.0,0.0,0.0,0.0,0.0,0.0,0.0,0.5,0.0,0.0,0.0
78,340,2,35,9,84,True,4.2e-10,2.0195,-57.525131255,0.001392334999998468,0.0,0.5,0.0,0.0,0.0,0.0,0.0,0.0,0.0,0.0,0.0,0.0,0.0,0.0,0.0,0.5,0.0,0.0,0.0
79,340,4,35,8,4085,True,6.4e-10,1.6573,-57.52718203,-0.0006584400000022583,0.0,0.5,0.0,0.0,0.0,0.0,0.0,0.0,0.0,0.0,0.0,0.0,0.0,0.0,0.0,0.5,0.0,0.0,0.0
80,340,6,35,8,15098,True,7.6e-10,1.716,-57.524664315,0.0018592749999939429,0.0,0.5,0.0,0.0,0.0,0.0,0.0,0.0,0.0,0.0,0.0,0.0,0.0,0.0,0.0,0.5,0.0,0.0,0.0
81,340,8,35,10,47040,True,1.5e-11,1.7309,-57.5248146,0.0017089899999973568,0.0,0.5,0.0,0.0,0.0,0.0,0.0,0.0,0.0,0.0,0.0,0.0,0.0,0.0,0.0,0.5,0.0,0.0,0.0
82,380,10,35,8,79136,True,7.9e-10,1.7274,-57.524801235,0.001722354999998288,0.0,0.5,0.0,0.0,0.0,0.0,0.0,0.0,0.0,0.0,0.0,0.0,0.0,0.0,0.0,0.5,0.0,0.0,0.0
83,380,2,35,9,89,True,4.9e-10,2.0195,-57.525133095,0.0013904949999954397,0.0,0.5,0.0,0.0,0.0,0.0,0.0,0.0,0.0,0.0,0.0,0.0,0.0,0.0,0.0,0.5,0.0,0.0,0.0
84,380,4,35,8,5028,True,6.1e-10,1.6573,-57.52718385,-0.0006602600000036318,0.0,0.5,0.0,0.0,0.0,0.0,0.0,0.0,0.0,0.0,0.0,0.0,0.0,0.0,0.0,0.5,0.0,0.0,0.0
85,380,6,35,8,16128,True,7.1e-10,1.716,-57.524666135,0.0018574549999996748,0.0,0.5,0.0,0.0,0.0,0.0,0.0,0.0,0.0,0.0,0.0,0.0,0.0,0.0,0.0,0.5,0.0,0.0,0.0
86,380,8,35,8,40115,True,9.4e-10,1.7309,-57.52481642,0.0017071699999959833,0.0,0.5,0.0,0.0,0.0,0.0,0.0,0.0,0.0,0.0,0.0,0.0,0.0,0.0,0.0,0.5,0.0,0.0,0.0
87,100,10,40,10,89078,True,2.7e-11,1.729,-57.52524748,0.0012761099999991643,0.0,0.5,0.0,0.0,0.0,0.0,0.0,0.0,0.0,0.0,0.0,0.0,0.0,0.0,0.0,0.5,0.0,0.0,0.0
88,100,2,40,9,73,True,6.5e-10,2.0215,-57.52546053,0.0010630599999998935,0.0,0.5,0.0,0.0,0.0,0.0,0.0,0.0,0.0,0.0,0.0,0.0,0.0,0.0,0.0,0.5,0.0,0.0,0.0
89,100,4,40,10,5080,True,1.3e-11,1.6591,-57.527633915,-0.0011103250000061848,0.0,0.5,0.0,0.0,0.0,0.0,0.0,0.0,0.0,0.0,0.0,0.0,0.0,0.0,0.0,0.5,0.0,0.0,0.0
90,100,6,40,10,18139,True,1.8e-11,1.7172,-57.525111845,0.001411744999998632,0.0,0.5,0.0,0.0,0.0,0.0,0.0,0.0,0.0,0.0,0.0,0.0,0.0,0.0,0.0,0.5,0.0,0.0,0.0
91,100,8,40,10,45025,True,2.9e-11,1.7323,-57.525254855,0.001268734999996468,0.0,0.5,0.0,0.0,0.0,0.0,0.0,0.0,0.0,0.0,0.0,0.0,0.0,0.0,0.0,0.5,0.0,0.0,0.0
92,140,10,40,10,97049,True,2e-11,1.7238,-57.5257313,0.0007922899999996957,0.0,0.5,0.0,0.0,0.0,0.0,0.0,0.0,0.0,0.0,0.0,0.0,0.0,0.0,0.0,0.5,0.0,0.0,0.0
93,140,2,40,10,94,True,4.1e-10,2.0164,-57.525942955,0.0005806349999986082,0.0,0.5,0.0,0.0,0.0,0.0,0.0,0.0,0.0,0.0,0.0,0.0,0.0,0.0,0.0,0.5,0.0,0.0,0.0
94,140,4,40,10,6037,True,1.5e-11,1.6539,-57.528117455,-0.0015938650000038024,0.0,0.5,0.0,0.0,0.0,0.0,0.0,0.0,0.0,0.0,0.0,0.0,0.0,0.0,0.0,0.5,0.0,0.0,0.0
95,140,6,40,10,20128,True,2.1e-11,1.7121,-57.5255957,0.0009278899999998202,0.0,0.5,0.0,0.0,0.0,0.0,0.0,0.0,0.0,0.0,0.0,0.0,0.0,0.0,0.0,0.5,0.0,0.0,0.0
96,140,8,40,10,50034,True,2.3e-11,1.7271,-57.52573863,0.0007849599999971701,0.0,0.5,0.0,0.0,0.0,0.0,0.0,0.0,0.0,0.0,0.0,0.0,0.0,0.0,0.0,0.5,0.0,0.0,0.0
97,180,10,40,10,97106,True,1.7e-11,1.7236,-57.525765795,0.0007577949999983957,0.0,0.5,0.0,0.0,0.0,0.0,0.0,0.0,0.0,0.0,0.0,0.0,0.0,0.0,0.0,0.5,0.0,0.0,0.0
98,180,2,40,10,92,True,3.8e-10,2.0162,-57.52597785,0.0005457399999997392,0.0,0.5,0.0,0.0,0.0,0.0,0.0,0.0,0.0,0.0,0.0,0.0,0.0,0.0,0.0,0.5,0.0,0.0,0.0
99,180,4,40,10,6046,True,1.3e-11,1.6537,-57.528151805,-0.0016282150000037632,0.0,0.5,0.0,0.0,0.0,0.0,0.0,0.0,0.0,0.0,0.0,0.0,0.0,0.0,0.0,0.5,0.0,0.0,0.0
100,180,6,40,10,21069,True,1.9e-11,1.7119,-57.52563018,0.0008934099999962086,0.0,0.5,0.0,0.0,0.0,0.0,0.0,0.0,0.0,0.0,0.0,0.0,0.0,0.0,0.0,0.5,0.0,0.0,0.0
101,180,8,40,10,49115,True,2e-11,1.7269,-57.525773135,0.0007504549999950427,0.0,0.5,0.0,0.0,0.0,0.0,0.0,0.0,0.0,0.0,0.0,0.0,0.0,0.0,0.0,0.5,0.0,0.0,0.0
102,220,10,40,10,98073,True,2e-11,1.7236,-57.525778915,0.0007446749999999724,0.0,0.5,0.0,0.0,0.0,0.0,0.0,0.0,0.0,0.0,0.0,0.0,0.0,0.0,0.0,0.5,0.0,0.0,0.0
103,220,2,40,10,94,True,3.5e-10,2.0161,-57.525991255,0.0005323349999954985,0.0,0.5,0.0,0.0,0.0,0.0,0.0,0.0,0.0,0.0,0.0,0.0,0.0,0.0,0.0,0.5,0.0,0.0,0.0
104,220,4,40,10,6048,True,1.5e-11,1.6537,-57.52816485,-0.001641260000006639,0.0,0.5,0.0,0.0,0.0,0.0,0.0,0.0,0.0,0.0,0.0,0.0,0.0,0.0,0.0,0.5,0.0,0.0,0.0
105,220,6,40,10,20156,True,2e-11,1.7118,-57.5256433,0.0008802899999977853,0.0,0.5,0.0,0.0,0.0,0.0,0.0,0.0,0.0,0.0,0.0,0.0,0.0,0.0,0.0,0.5,0.0,0.0,0.0
106,220,8,40,10,50040,True,2.4e-11,1.7268,-57.52578626,0.0007373299999997585,0.0,0.5,0.0,0.0,0.0,0.0,0.0,0.0,0.0,0.0,0.0,0.0,0.0,0.0,0.0,0.5,0.0,0.0,0.0
107,260,10,40,10,93056,True,2.2e-11,1.7236,-57.525781615,0.0007419749999968417,0.0,0.5,0.0,0.0,0.0,0.0,0.0,0.0,0.0,0.0,0.0,0.0,0.0,0.0,0.0,0.5,0.0,0.0,0.0
108,260,2,40,10,94,True,4.5e-10,2.0161,-57.52599395,0.0005296399999963342,0.0,0.5,0.0,0.0,0.0,0.0,0.0,0.0,0.0,0.0,0.0,0.0,0.0,0.0,0.0,0.5,0.0,0.0,0.0
109,260,4,40,10,6046,True,1.6e-11,1.6537,-57.52816755,-0.0016439600000026644,0.0,0.5,0.0,0.0,0.0,0.0,0.0,0.0,0.0,0.0,0.0,0.0,0.0,0.0,0.0,0.5,0.0,0.0,0.0
110,260,6,40,10,20158,True,2.2e-11,1.7118,-57.525645995,0.000877594999998621,0.0,0.5,0.0,0.0,0.0,0.0,0.0,0.0,0.0,0.0,0.0,0.0,0.0,0.0,0.0,0.5,0.0,0.0,0.0
111,260,8,40,10,49126,True,2.8e-11,1.7268,-57.525788955,0.0007346349999934887,0.0,0.5,0.0,0.0,0.0,0.0,0.0,0.0,0.0,0.0,0.0,0.0,0.0,0.0,0.0,0.5,0.0,0.0,0.0
112,300,10,40,10,92113,True,2.3e-11,1.7235,-57.525786045,0.0007375449999997841,0.0,0.5,0.0,0.0,0.0,0.0,0.0,0.0,0.0,0.0,0.0,0.0,0.0,0.0,0.0,0.5,0.0,0.0,0.0
113,300,2,40,10,100,True,6.4e-10,2.016,-57.52599845,0.0005251399999934847,0.0,0.5,0.0,0.0,0.0,0.0,0.0,0.0,0.0,0.0,0.0,0.0,0.0,0.0,0.0,0.5,0.0,0.0,0.0
114,300,4,40,10,5119,True,1.8e-11,1.6536,-57.528171965,-0.0016483750000020336,0.0,0.5,0.0,0.0,0.0,0.0,0.0,0.0,0.0,0.0,0.0,0.0,0.0,0.0,0.0,0.5,0.0,0.0,0.0
115,300,6,40,10,19136,True,2.3e-11,1.7118,-57.525650425,0.000873164999994458,0.0,0.5,0.0,0.0,0.0,0.0,0.0,0.0,0.0,0.0,0.0,0.0,0.0,0.0,0.0,0.5,0.0,0.0,0.0
116,300,8,40,10,47036,True,3e-11,1.7268,-57.52579339,0.0007301999999995701,0.0,0.5,0.0,0.0,0.0,0.0,0.0,0.0,0.0,0.0,0.0,0.0,0.0,0.0,0.0,0.5,0.0,0.0,0.0
117,340,10,40,10,92077,True,2.3e-11,1.7236,-57.52578948,0.0007341099999962353,0.0,0.5,0.0,0.0,0.0,0.0,0.0,0.0,0.0,0.0,0.0,0.0,0.0,0.0,0.0,0.5,0.0,0.0,0.0
118,340,2,40,12,107,True,6.8e-10,2.0161,-57.52600186,0.0005217299999955571,0.0,0.5,0.0,0.0,0.0,0.0,0.0,0.0,0.0,0.0,0.0,0.0,0.0,0.0,0.0,0.5,0.0,0.0,0.0
119,340,4,40,10,5114,True,1.8e-11,1.6536,-57.528175405,-0.0016518150000024434,0.0,0.5,0.0,0.0,0.0,0.0,0.0,0.0,0.0,0.0,0.0,0.0,0.0,0.0,0.0,0.5,0.0,0.0,0.0
120,340,6,40,10,19137,True,2.4e-11,1.7118,-57.52565386,0.0008697299999980146,0.0,0.5,0.0,0.0,0.0,0.0,0.0,0.0,0.0,0.0,0.0,0.0,0.0,0.0,0.0,0.5,0.0,0.0,0.0
121,340,8,40,10,47110,True,2.8e-11,1.7268,-57.525796825,0.0007267649999960213,0.0,0.5,0.0,0.0,0.0,0.0,0.0,0.0,0.0,0.0,0.0,0.0,0.0,0.0,0.0,0.5,0.0,0.0,0.0
122,380,10,40,10,93063,True,2.4e-11,1.7236,-57.525791285,0.0007323049999996556,0.0,0.5,0.0,0.0,0.0,0.0,0.0,0.0,0.0,0.0,0.0,0.0,0.0,0.0,0.0,0.5,0.0,0.0,0.0
123,380,2,40,15,1029,True,1.7e-10,2.0161,-57.52600368,0.0005199099999941836,0.0,0.5,0.0,0.0,0.0,0.0,0.0,0.0,0.0,0.0,0.0,0.0,0.0,0.0,0.0,0.5,0.0,0.0,0.0
124,380,4,40,10,5111,True,1.9e-11,1.6536,-57.528177205,-0.001653615000002162,0.0,0.5,0.0,0.0,0.0,0.0,0.0,0.0,0.0,0.0,0.0,0.0,0.0,0.0,0.0,0.5,0.0,0.0,0.0
125,380,6,40,10,19137,True,2.6e-11,1.7118,-57.525655665,0.0008679249999943295,0.0,0.5,0.0,0.0,0.0,0.0,0.0,0.0,0.0,0.0,0.0,0.0,0.0,0.0,0.0,0.5,0.0,0.0,0.0
126,380,8,40,10,48031,True,2.9e-11,1.7268,-57.52579863,0.0007249599999994416,0.0,0.5,0.0,0.0,0.0,0.0,0.0,0.0,0.0,0.0,0.0,0.0,0.0,0.0,0.0,0.5,0.0,0.0,0.0
127,100,10,45,11,100036,True,2.3e-10,1.7287,-57.52532123,0.0012023599999935186,0.0,0.5,0.0,0.0,0.0,0.0,0.0,0.0,0.0,0.0,0.0,0.0,0.0,0.0,0.0,0.5,0.0,0.0,0.0
128,100,2,45,10,94,True,9.3e-10,2.0214,-57.52552797,0.0009956199999976434,0.0,0.5,0.0,0.0,0.0,0.0,0.0,0.0,0.0,0.0,0.0,0.0,0.0,0.0,0.0,0.5,0.0,0.0,0.0
129,100,4,45,15,7040,True,7.6e-10,1.6589,-57.52771379,-0.0011902000000034718,0.0,0.5,0.0,0.0,0.0,0.0,0.0,0.0,0.0,0.0,0.0,0.0,0.0,0.0,0.0,0.5,0.0,0.0,0.0
130,100,6,45,10,19093,True,2e-11,1.717,-57.525184955,0.0013386349999962022,0.0,0.5,0.0,0.0,0.0,0.0,0.0,0.0,0.0,0.0,0.0,0.0,0.0,0.0,0.0,0.5,0.0,0.0,0.0
131,100,8,45,13,55086,True,7.8e-11,1.732,-57.52532946,0.0011941299999946864,0.0,0.5,0.0,0.0,0.0,0.0,0.0,0.0,0.0,0.0,0.0,0.0,0.0,0.0,0.0,0.5,0.0,0.0,0.0
132,140,10,45,14,139088,True,6.9e-10,1.7235,-57.525808115,0.0007154749999997989,0.0,0.5,0.0,0.0,0.0,0.0,0.0,0.0,0.0,0.0,0.0,0.0,0.0,0.0,0.0,0.5,0.0,0.0,0.0
133,140,2,45,10,84,True,1.7e-10,2.0162,-57.52601323,0.000510359999999821,0.0,0.5,0.0,0.0,0.0,0.0,0.0,0.0,0.0,0.0,0.0,0.0,0.0,0.0,0.0,0.5,0.0,0.0,0.0
134,140,4,45,11,6026,True,8.5e-11,1.6536,-57.5282005,-0.0016769100000004755,0.0,0.5,0.0,0.0,0.0,0.0,0.0,0.0,0.0,0.0,0.0,0.0,0.0,0.0,0.0,0.5,0.0,0.0,0.0
135,140,6,45,10,19099,True,1.3e-11,1.7118,-57.525671875,0.0008517149999960338,0.0,0.5,0.0,0.0,0.0,0.0,0.0,0.0,0.0,0.0,0.0,0.0,0.0,0.0,0.0,0.5,0.0,0.0,0.0
136,140,8,45,18,87104,True,1.3e-10,1.7268,-57.52581633,0.0007072599999986551,0.0,0.5,0.0,0.0,0.0,0.0,0.0,0.0,0.0,0.0,0.0,0.0,0.0,0.0,0.0,0.5,0.0,0.0,0.0
137,180,10,45,16,170106,True,2.8e-11,1.7233,-57.525842475,0.0006811149999990107,0.0,0.5,0.0,0.0,0.0,0.0,0.0,0.0,0.0,0.0,0.0,0.0,0.0,0.0,0.0,0.5,0.0,0.0,0.0
138,180,2,45,10,97,True,1.6e-10,2.0159,-57.526048005,0.0004755849999966699,0.0,0.5,0.0,0.0,0.0,0.0,0.0,0.0,0.0,0.0,0.0,0.0,0.0,0.0,0.0,0.5,0.0,0.0,0.0
139,180,4,45,11,6096,True,7.5e-11,1.6534,-57.528234715,-0.00171112500000703,0.0,0.5,0.0,0.0,0.0,0.0,0.0,0.0,0.0,0.0,0.0,0.0,0.0,0.0,0.0,0.5,0.0,0.0,0.0
140,180,6,45,10,21115,True,1.3e-11,1.7116,-57.52570623,0.000817359999999212,0.0,0.5,0.0,0.0,0.0,0.0,0.0,0.0,0.0,0.0,0.0,0.0,0.0,0.0,0.0,0.5,0.0,0.0,0.0
141,180,8,45,18,97109,True,8.6e-10,1.7265,-57.525850695,0.0006728949999939005,0.0,0.5,0.0,0.0,0.0,0.0,0.0,0.0,0.0,0.0,0.0,0.0,0.0,0.0,0.0,0.5,0.0,0.0,0.0
142,220,10,45,18,198127,True,2.8e-11,1.7233,-57.525855615,0.0006679749999989326,0.0,0.5,0.0,0.0,0.0,0.0,0.0,0.0,0.0,0.0,0.0,0.0,0.0,0.0,0.0,0.5,0.0,0.0,0.0
143,220,2,45,10,103,True,1.2e-10,2.0159,-57.526061425,0.0004621649999947408,0.0,0.5,0.0,0.0,0.0,0.0,0.0,0.0,0.0,0.0,0.0,0.0,0.0,0.0,0.0,0.5,0.0,0.0,0.0
144,220,4,45,11,6103,True,8.9e-11,1.6534,-57.52824778,-0.0017241900000044552,0.0,0.5,0.0,0.0,0.0,0.0,0.0,0.0,0.0,0.0,0.0,0.0,0.0,0.0,0.0,0.5,0.0,0.0,0.0
145,220,6,45,10,21131,True,1.5e-11,1.7115,-57.525719365,0.000804224999995995,0.0,0.5,0.0,0.0,0.0,0.0,0.0,0.0,0.0,0.0,0.0,0.0,0.0,0.0,0.0,0.5,0.0,0.0,0.0
146,220,8,45,16,87048,True,5.5e-10,1.7265,-57.52586384,0.0006597499999969614,0.0,0.5,0.0,0.0,0.0,0.0,0.0,0.0,0.0,0.0,0.0,0.0,0.0,0.0,0.0,0.5,0.0,0.0,0.0
147,260,10,45,16,162083,True,1.4e-11,1.7233,-57.52585832,0.0006652699999989409,0.0,0.5,0.0,0.0,0.0,0.0,0.0,0.0,0.0,0.0,0.0,0.0,0.0,0.0,0.0,0.5,0.0,0.0,0.0
148,260,2,45,10,100,True,1e-10,2.0159,-57.526064125,0.0004594649999987155,0.0,0.5,0.0,0.0,0.0,0.0,0.0,0.0,0.0,0.0,0.0,0.0,0.0,0.0,0.0,0.5,0.0,0.0,0.0
149,260,4,45,11,6107,True,5.6e-11,1.6534,-57.52825048,-0.0017268900000004805,0.0,0.5,0.0,0.0,0.0,0.0,0.0,0.0,0.0,0.0,0.0,0.0,0.0,0.0,0.0,0.5,0.0,0.0,0.0
150,260,6,45,10,21135,True,1.7e-11,1.7115,-57.525722065,0.0008015249999999696,0.0,0.5,0.0,0.0,0.0,0.0,0.0,0.0,0.0,0.0,0.0,0.0,0.0,0.0,0.0,0.5,0.0,0.0,0.0
151,260,8,45,16,90078,True,3.9e-10,1.7265,-57.525866545,0.0006570449999969696,0.0,0.5,0.0,0.0,0.0,0.0,0.0,0.0,0.0,0.0,0.0,0.0,0.0,0.0,0.0,0.5,0.0,0.0,0.0
152,300,10,45,18,192088,True,3.6e-11,1.7233,-57.52586276,0.0006608299999939504,0.0,0.5,0.0,0.0,0.0,0.0,0.0,0.0,0.0,0.0,0.0,0.0,0.0,0.0,0.0,0.5,0.0,0.0,0.0
153,300,2,45,10,99,True,9.1e-11,2.0158,-57.52606863,0.00045495999999900505,0.0,0.5,0.0,0.0,0.0,0.0,0.0,0.0,0.0,0.0,0.0,0.0,0.0,0.0,0.0,0.5,0.0,0.0,0.0
154,300,4,45,11,6100,True,5.2e-11,1.6534,-57.528254905,-0.0017313150000006772,0.0,0.5,0.0,0.0,0.0,0.0,0.0,0.0,0.0,0.0,0.0,0.0,0.0,0.0,0.0,0.5,0.0,0.0,0.0
155,300,6,45,10,21116,True,1.7e-11,1.7115,-57.5257265,0.0007970899999989456,0.0,0.5,0.0,0.0,0.0,0.0,0.0,0.0,0.0,0.0,0.0,0.0,0.0,0.0,0.0,0.5,0.0,0.0,0.0
156,300,8,45,15,82142,True,7.5e-10,1.7265,-57.52587098,0.0006526099999959456,0.0,0.5,0.0,0.0,0.0,0.0,0.0,0.0,0.0,0.0,0.0,0.0,0.0,0.0,0.0,0.5,0.0,0.0,0.0
157,340,10,45,18,198151,True,7.3e-11,1.7233,-57.525866185,0.0006574049999983345,0.0,0.5,0.0,0.0,0.0,0.0,0.0,0.0,0.0,0.0,0.0,0.0,0.0,0.0,0.0,0.5,0.0,0.0,0.0
158,340,2,45,10,102,True,7.3e-11,2.0158,-57.526072035,0.00045155499999793847,0.0,0.5,0.0,0.0,0.0,0.0,0.0,0.0,0.0,0.0,0.0,0.0,0.0,0.0,0.0,0.5,0.0,0.0,0.0
159,340,4,45,11,6105,True,1.2e-10,1.6534,-57.52825834,-0.001734750000004226,0.0,0.5,0.0,0.0,0.0,0.0,0.0,0.0,0.0,0.0,0.0,0.0,0.0,0.0,0.0,0.5,0.0,0.0,0.0
160,340,6,45,10,22067,True,1.5e-11,1.7115,-57.52572993,0.0007936599999993632,0.0,0.5,0.0,0.0,0.0,0.0,0.0,0.0,0.0,0.0,0.0,0.0,0.0,0.0,0.0,0.5,0.0,0.0,0.0
161,340,8,45,18,83083,True,6.2e-12,1.7265,-57.52587441,0.0006491799999963632,0.0,0.5,0.0,0.0,0.0,0.0,0.0,0.0,0.0,0.0,0.0,0.0,0.0,0.0,0.0,0.5,0.0,0.0,0.0
162,380,10,45,15,137119,True,1.8e-10,1.7232,-57.525867985,0.0006556049999986158,0.0,0.5,0.0,0.0,0.0,0.0,0.0,0.0,0.0,0.0,0.0,0.0,0.0,0.0,0.0,0.5,0.0,0.0,0.0
163,380,2,45,10,107,True,1.2e-10,2.0158,-57.526073855,0.00044973499999656497,0.0,0.5,0.0,0.0,0.0,0.0,0.0,0.0,0.0,0.0,0.0,0.0,0.0,0.0,0.0,0.5,0.0,0.0,0.0
164,380,4,45,11,7053,True,3.8e-10,1.6534,-57.52826014,-0.0017365500000039447,0.0,0.5,0.0,0.0,0.0,0.0,0.0,0.0,0.0,0.0,0.0,0.0,0.0,0.0,0.0,0.5,0.0,0.0,0.0
165,380,6,45,10,22160,True,1.2e-11,1.7115,-57.52573173,0.0007918599999996445,0.0,0.5,0.0,0.0,0.0,0.0,0.0,0.0,0.0,0.0,0.0,0.0,0.0,0.0,0.0,0.5,0.0,0.0,0.0
166,380,8,45,17,79097,True,4.6e-11,1.7266,-57.52587621,0.0006473799999966445,0.0,0.5,0.0,0.0,0.0,0.0,0.0,0.0,0.0,0.0,0.0,0.0,0.0,0.0,0.0,0.5,0.0,0.0,0.0
167,100,10,50,11,98095,True,7.2e-10,1.7289,-57.52542665,0.0010969399999964935,0.0,0.5,0.0,0.0,0.0,0.0,0.0,0.0,0.0,0.0,0.0,0.0,0.0,0.0,0.0,0.5,0.0,0.0,0.0
168,100,2,50,10,91,True,9e-11,2.0215,-57.525632875,0.0008907149999970443,0.0,0.5,0.0,0.0,0.0,0.0,0.0,0.0,0.0,0.0,0.0,0.0,0.0,0.0,0.0,0.5,0.0,0.0,0.0
169,100,4,50,8,4101,True,3.7e-10,1.6591,-57.52781455,-0.0012909600000057253,0.0,0.5,0.0,0.0,0.0,0.0,0.0,0.0,0.0,0.0,0.0,0.0,0.0,0.0,0.0,0.5,0.0,0.0,0.0
170,100,6,50,12,22114,True,8.2e-10,1.717,-57.525290435,0.0012331549999942126,0.0,0.5,0.0,0.0,0.0,0.0,0.0,0.0,0.0,0.0,0.0,0.0,0.0,0.0,0.0,0.5,0.0,0.0,0.0
171,100,8,50,11,51072,True,2.3e-10,1.7322,-57.525435635,0.0010879549999955884,0.0,0.5,0.0,0.0,0.0,0.0,0.0,0.0,0.0,0.0,0.0,0.0,0.0,0.0,0.0,0.5,0.0,0.0,0.0
172,140,10,50,11,102133,True,1.9e-11,1.7238,-57.52591159,0.0006119999999967263,0.0,0.5,0.0,0.0,0.0,0.0,0.0,0.0,0.0,0.0,0.0,0.0,0.0,0.0,0.0,0.5,0.0,0.0,0.0
173,140,2,50,10,97,True,9.9e-11,2.0163,-57.52611638,0.00040720999999876994,0.0,0.5,0.0,0.0,0.0,0.0,0.0,0.0,0.0,0.0,0.0,0.0,0.0,0.0,0.0,0.5,0.0,0.0,0.0
174,140,4,50,8,4110,True,3.4e-10,1.6539,-57.52829933,-0.001775740000006465,0.0,0.5,0.0,0.0,0.0,0.0,0.0,0.0,0.0,0.0,0.0,0.0,0.0,0.0,0.0,0.5,0.0,0.0,0.0
175,140,6,50,11,21078,True,7.3e-12,1.712,-57.525775385,0.000748204999993618,0.0,0.5,0.0,0.0,0.0,0.0,0.0,0.0,0.0,0.0,0.0,0.0,0.0,0.0,0.0,0.5,0.0,0.0,0.0
176,140,8,50,11,51119,True,3.5e-10,1.7271,-57.525920555,0.000603034999997476,0.0,0.5,0.0,0.0,0.0,0.0,0.0,0.0,0.0,0.0,0.0,0.0,0.0,0.0,0.0,0.5,0.0,0.0,0.0
177,180,10,50,11,112140,True,2.1e-11,1.7236,-57.525945885,0.0005777049999977635,0.0,0.5,0.0,0.0,0.0,0.0,0.0,0.0,0.0,0.0,0.0,0.0,0.0,0.0,0.0,0.5,0.0,0.0,0.0
178,180,2,50,10,105,True,9.6e-11,2.0161,-57.52615122,0.0003723699999937935,0.0,0.5,0.0,0.0,0.0,0.0,0.0,0.0,0.0,0.0,0.0,0.0,0.0,0.0,0.0,0.5,0.0,0.0,0.0
179,180,4,50,8,5057,True,3.4e-10,1.6537,-57.528333475,-0.001809885000000122,0.0,0.5,0.0,0.0,0.0,0.0,0.0,0.0,0.0,0.0,0.0,0.0,0.0,0.0,0.0,0.5,0.0,0.0,0.0
180,180,6,50,11,23109,True,1.5e-10,1.7118,-57.52580967,0.0007139199999954826,0.0,0.5,0.0,0.0,0.0,0.0,0.0,0.0,0.0,0.0,0.0,0.0,0.0,0.0,0.0,0.5,0.0,0.0,0.0
181,180,8,50,11,56139,True,3.3e-10,1.7269,-57.525954855,0.0005687349999945468,0.0,0.5,0.0,0.0,0.0,0.0,0.0,0.0,0.0,0.0,0.0,0.0,0.0,0.0,0.0,0.5,0.0,0.0,0.0
182,220,10,50,11,106155,True,3e-11,1.7235,-57.525959025,0.0005645649999976854,0.0,0.5,0.0,0.0,0.0,0.0,0.0,0.0,0.0,0.0,0.0,0.0,0.0,0.0,0.0,0.5,0.0,0.0,0.0
183,220,2,50,10,95,True,1e-10,2.016,-57.52616463,0.0003589599999997972,0.0,0.5,0.0,0.0,0.0,0.0,0.0,0.0,0.0,0.0,0.0,0.0,0.0,0.0,0.0,0.5,0.0,0.0,0.0
184,220,4,50,8,5038,True,3.4e-10,1.6537,-57.52834654,-0.0018229500000046528,0.0,0.5,0.0,0.0,0.0,0.0,0.0,0.0,0.0,0.0,0.0,0.0,0.0,0.0,0.0,0.5,0.0,0.0,0.0
185,220,6,50,11,22079,True,4.8e-12,1.7117,-57.5258228,0.0007007899999962319,0.0,0.5,0.0,0.0,0.0,0.0,0.0,0.0,0.0,0.0,0.0,0.0,0.0,0.0,0.0,0.5,0.0,0.0,0.0
186,220,8,50,11,54111,True,3.1e-10,1.7268,-57.525967995,0.0005555949999944687,0.0,0.5,0.0,0.0,0.0,0.0,0.0,0.0,0.0,0.0,0.0,0.0,0.0,0.0,0.0,0.5,0.0,0.0,0.0
187,260,10,50,11,106145,True,4.1e-11,1.7235,-57.52596176,0.0005618299999952114,0.0,0.5,0.0,0.0,0.0,0.0,0.0,0.0,0.0,0.0,0.0,0.0,0.0,0.0,0.0,0.5,0.0,0.0,0.0
188,260,2,50,10,105,True,9.4e-11,2.016,-57.526167365,0.00035622499999732327,0.0,0.5,0.0,0.0,0.0,0.0,0.0,0.0,0.0,0.0,0.0,0.0,0.0,0.0,0.0,0.5,0.0,0.0,0.0
189,260,4,50,8,5035,True,3.6e-10,1.6537,-57.528349275,-0.0018256850000000213,0.0,0.5,0.0,0.0,0.0,0.0,0.0,0.0,0.0,0.0,0.0,0.0,0.0,0.0,0.0,0.5,0.0,0.0,0.0
190,260,6,50,11,22094,True,4e-11,1.7117,-57.525825535,0.000698054999993758,0.0,0.5,0.0,0.0,0.0,0.0,0.0,0.0,0.0,0.0,0.0,0.0,0.0,0.0,0.0,0.5,0.0,0.0,0.0
191,260,8,50,11,54128,True,3.1e-10,1.7268,-57.52597073,0.0005528599999991002,0.0,0.5,0.0,0.0,0.0,0.0,0.0,0.0,0.0,0.0,0.0,0.0,0.0,0.0,0.0,0.5,0.0,0.0,0.0
192,300,10,50,11,107056,True,5.2e-11,1.7235,-57.525966215,0.000557374999999638,0.0,0.5,0.0,0.0,0.0,0.0,0.0,0.0,0.0,0.0,0.0,0.0,0.0,0.0,0.0,0.5,0.0,0.0,0.0
193,300,2,50,10,106,True,9.1e-11,2.016,-57.526171885,0.00035170499999992444,0.0,0.5,0.0,0.0,0.0,0.0,0.0,0.0,0.0,0.0,0.0,0.0,0.0,0.0,0.0,0.5,0.0,0.0,0.0
194,300,4,50,8,5036,True,4.1e-10,1.6537,-57.528353715,-0.0018301250000050118,0.0,0.5,0.0,0.0,0.0,0.0,0.0,0.0,0.0,0.0,0.0,0.0,0.0,0.0,0.0,0.5,0.0,0.0,0.0
195,300,6,50,11,22126,True,3.3e-11,1.7117,-57.52582999,0.0006935999999981846,0.0,0.5,0.0,0.0,0.0,0.0,0.0,0.0,0.0,0.0,0.0,0.0,0.0,0.0,0.0,0.5,0.0,0.0,0.0
196,300,8,50,11,54104,True,3.4e-10,1.7268,-57.525975185,0.0005484049999964213,0.0,0.5,0.0,0.0,0.0,0.0,0.0,0.0,0.0,0.0,0.0,0.0,0.0,0.0,0.0,0.5,0.0,0.0,0.0
197,340,10,50,11,107063,True,1.4e-10,1.7235,-57.525969635,0.0005539549999937776,0.0,0.5,0.0,0.0,0.0,0.0,0.0,0.0,0.0,0.0,0.0,0.0,0.0,0.0,0.0,0.5,0.0,0.0,0.0
198,340,2,50,10,100,True,8e-11,2.016,-57.52617528,0.00034830999999968526,0.0,0.5,0.0,0.0,0.0,0.0,0.0,0.0,0.0,0.0,0.0,0.0,0.0,0.0,0.0,0.5,0.0,0.0,0.0
199,340,4,50,8,5039,True,5e-10,1.6537,-57.528357145,-0.0018335550000045941,0.0,0.5,0.0,0.0,0.0,0.0,0.0,0.0,0.0,0.0,0.0,0.0,0.0,0.0,0.0,0.5,0.0,0.0,0.0
200,340,6,50,11,22103,True,8.7e-12,1.7117,-57.525833415,0.0006901749999954632,0.0,0.5,0.0,0.0,0.0,0.0,0.0,0.0,0.0,0.0,0.0,0.0,0.0,0.0,0.0,0.5,0.0,0.0,0.0
201,340,8,50,11,55049,True,3.6e-10,1.7268,-57.52597861,0.0005449799999937,0.0,0.5,0.0,0.0,0.0,0.0,0.0,0.0,0.0,0.0,0.0,0.0,0.0,0.0,0.0,0.5,0.0,0.0,0.0
202,380,10,50,11,108106,True,1.4e-10,1.7235,-57.525971435,0.0005521549999940589,0.0,0.5,0.0,0.0,0.0,0.0,0.0,0.0,0.0,0.0,0.0,0.0,0.0,0.0,0.0,0.5,0.0,0.0,0.0
203,380,2,50,10,103,True,6.1e-11,2.016,-57.52617709,0.00034649999999913916,0.0,0.5,0.0,0.0,0.0,0.0,0.0,0.0,0.0,0.0,0.0,0.0,0.0,0.0,0.0,0.5,0.0,0.0,0.0
204,380,4,50,8,5042,True,7.9e-10,1.6537,-57.52835894,-0.0018353500000003464,0.0,0.5,0.0,0.0,0.0,0.0,0.0,0.0,0.0,0.0,0.0,0.0,0.0,0.0,0.0,0.5,0.0,0.0,0.0
205,380,6,50,11,22099,True,4.7e-11,1.7117,-57.52583521,0.0006883799999997109,0.0,0.5,0.0,0.0,0.0,0.0,0.0,0.0,0.0,0.0,0.0,0.0,0.0,0.0,0.0,0.5,0.0,0.0,0.0
206,380,8,50,11,54110,True,3.3e-10,1.7268,-57.52598041,0.0005431799999939813,0.0,0.5,0.0,0.0,0.0,0.0,0.0,0.0,0.0,0.0,0.0,0.0,0.0,0.0,0.0,0.5,0.0,0.0,0.0
207,100,10,55,10,96094,True,1.8e-10,1.7288,-57.525587735,0.0009358549999944898,0.0,0.5,0.0,0.0,0.0,0.0,0.0,0.0,0.0,0.0,0.0,0.0,0.0,0.0,0.0,0.5,0.0,0.0,0.0
208,100,2,55,10,85,True,7.8e-11,2.0214,-57.52578045,0.000743139999997311,0.0,0.5,0.0,0.0,0.0,0.0,0.0,0.0,0.0,0.0,0.0,0.0,0.0,0.0,0.0,0.5,0.0,0.0,0.0
209,100,4,55,10,5091,True,6.3e-11,1.659,-57.527982455,-0.001458865000003584,0.0,0.5,0.0,0.0,0.0,0.0,0.0,0.0,0.0,0.0,0.0,0.0,0.0,0.0,0.0,0.5,0.0,0.0,0.0
210,100,6,55,10,19105,True,1.1e-10,1.7171,-57.525451455,0.0010721349999940344,0.0,0.5,0.0,0.0,0.0,0.0,0.0,0.0,0.0,0.0,0.0,0.0,0.0,0.0,0.0,0.5,0.0,0.0,0.0
211,100,8,55,9,44054,True,2e-10,1.7322,-57.525596055,0.0009275349999953164,0.0,0.5,0.0,0.0,0.0,0.0,0.0,0.0,0.0,0.0,0.0,0.0,0.0,0.0,0.0,0.5,0.0,0.0,0.0
212,140,10,55,10,98111,True,2.7e-10,1.7238,-57.526063735,0.0004598549999954571,0.0,0.5,0.0,0.0,0.0,0.0,0.0,0.0,0.0,0.0,0.0,0.0,0.0,0.0,0.0,0.5,0.0,0.0,0.0
213,140,2,55,10,91,True,9e-11,2.0163,-57.52625654,0.000267049999997937,0.0,0.5,0.0,0.0,0.0,0.0,0.0,0.0,0.0,0.0,0.0,0.0,0.0,0.0,0.0,0.5,0.0,0.0,0.0
214,140,4,55,10,5123,True,1.7e-10,1.6539,-57.528457925,-0.001934335000001397,0.0,0.5,0.0,0.0,0.0,0.0,0.0,0.0,0.0,0.0,0.0,0.0,0.0,0.0,0.0,0.5,0.0,0.0,0.0
215,140,6,55,10,20080,True,5e-10,1.712,-57.525927445,0.000596144999995829,0.0,0.5,0.0,0.0,0.0,0.0,0.0,0.0,0.0,0.0,0.0,0.0,0.0,0.0,0.0,0.5,0.0,0.0,0.0
216,140,8,55,10,50039,True,1.6e-10,1.7271,-57.52607206,0.00045152999999942267,0.0,0.5,0.0,0.0,0.0,0.0,0.0,0.0,0.0,0.0,0.0,0.0,0.0,0.0,0.0,0.5,0.0,0.0,0.0
217,180,10,55,10,109148,True,2.4e-10,1.7236,-57.526097915,0.0004256749999953513,0.0,0.5,0.0,0.0,0.0,0.0,0.0,0.0,0.0,0.0,0.0,0.0,0.0,0.0,0.0,0.5,0.0,0.0,0.0
218,180,2,55,10,102,True,4.1e-10,2.0162,-57.526291185,0.00023240499999843678,0.0,0.5,0.0,0.0,0.0,0.0,0.0,0.0,0.0,0.0,0.0,0.0,0.0,0.0,0.0,0.5,0.0,0.0,0.0
219,180,4,55,10,6065,True,1.8e-10,1.6537,-57.52849194,-0.0019683500000056142,0.0,0.5,0.0,0.0,0.0,0.0,0.0,0.0,0.0,0.0,0.0,0.0,0.0,0.0,0.0,0.5,0.0,0.0,0.0
220,180,6,55,10,22094,True,6.3e-10,1.7118,-57.52596161,0.0005619799999934116,0.0,0.5,0.0,0.0,0.0,0.0,0.0,0.0,0.0,0.0,0.0,0.0,0.0,0.0,0.0,0.5,0.0,0.0,0.0
221,180,8,55,10,55114,True,1.9e-10,1.7269,-57.526106245,0.00041734499999535046,0.0,0.5,0.0,0.0,0.0,0.0,0.0,0.0,0.0,0.0,0.0,0.0,0.0,0.0,0.0,0.5,0.0,0.0,0.0
222,220,10,55,10,103119,True,2.5e-10,1.7235,-57.52611104,0.0004125499999929616,0.0,0.5,0.0,0.0,0.0,0.0,0.0,0.0,0.0,0.0,0.0,0.0,0.0,0.0,0.0,0.5,0.0,0.0,0.0
223,220,2,55,10,105,True,4.1e-10,2.0161,-57.52630458,0.00021900999999502346,0.0,0.5,0.0,0.0,0.0,0.0,0.0,0.0,0.0,0.0,0.0,0.0,0.0,0.0,0.0,0.5,0.0,0.0,0.0
224,220,4,55,10,6041,True,2.4e-10,1.6537,-57.528504995,-0.001981405000002212,0.0,0.5,0.0,0.0,0.0,0.0,0.0,0.0,0.0,0.0,0.0,0.0,0.0,0.0,0.0,0.5,0.0,0.0,0.0
225,220,6,55,10,21083,True,5.2e-10,1.7117,-57.52597473,0.0005488599999949884,0.0,0.5,0.0,0.0,0.0,0.0,0.0,0.0,0.0,0.0,0.0,0.0,0.0,0.0,0.0,0.5,0.0,0.0,0.0
226,220,8,55,10,52092,True,1.9e-10,1.7268,-57.526119375,0.0004042149999960998,0.0,0.5,0.0,0.0,0.0,0.0,0.0,0.0,0.0,0.0,0.0,0.0,0.0,0.0,0.0,0.5,0.0,0.0,0.0
227,260,10,55,10,103150,True,2.7e-10,1.7235,-57.526113785,0.0004098049999967657,0.0,0.5,0.0,0.0,0.0,0.0,0.0,0.0,0.0,0.0,0.0,0.0,0.0,0.0,0.0,0.5,0.0,0.0,0.0
228,260,2,55,10,97,True,3.9e-10,2.0161,-57.526307325,0.00021626499999882753,0.0,0.5,0.0,0.0,0.0,0.0,0.0,0.0,0.0,0.0,0.0,0.0,0.0,0.0,0.0,0.5,0.0,0.0,0.0
229,260,4,55,10,6042,True,1.8e-10,1.6537,-57.528507735,-0.001984145000001547,0.0,0.5,0.0,0.0,0.0,0.0,0.0,0.0,0.0,0.0,0.0,0.0,0.0,0.0,0.0,0.5,0.0,0.0,0.0
230,260,6,55,10,21109,True,5e-10,1.7117,-57.525977475,0.0005461149999987924,0.0,0.5,0.0,0.0,0.0,0.0,0.0,0.0,0.0,0.0,0.0,0.0,0.0,0.0,0.0,0.5,0.0,0.0,0.0
231,260,8,55,10,51129,True,2.1e-10,1.7268,-57.52612212,0.00040146999999990385,0.0,0.5,0.0,0.0,0.0,0.0,0.0,0.0,0.0,0.0,0.0,0.0,0.0,0.0,0.0,0.5,0.0,0.0,0.0
232,300,10,55,10,105069,True,2.8e-10,1.7235,-57.526118255,0.00040533499999639844,0.0,0.5,0.0,0.0,0.0,0.0,0.0,0.0,0.0,0.0,0.0,0.0,0.0,0.0,0.0,0.5,0.0,0.0,0.0
233,300,2,55,10,97,True,4e-10,2.0161,-57.526311855,0.00021173499999349588,0.0,0.5,0.0,0.0,0.0,0.0,0.0,0.0,0.0,0.0,0.0,0.0,0.0,0.0,0.0,0.5,0.0,0.0,0.0
234,300,4,55,10,6051,True,1.8e-10,1.6537,-57.52851219,-0.001988600000004226,0.0,0.5,0.0,0.0,0.0,0.0,0.0,0.0,0.0,0.0,0.0,0.0,0.0,0.0,0.0,0.5,0.0,0.0,0.0
235,300,6,55,10,21084,True,4.8e-10,1.7117,-57.525981945,0.0005416449999984252,0.0,0.5,0.0,0.0,0.0,0.0,0.0,0.0,0.0,0.0,0.0,0.0,0.0,0.0,0.0,0.5,0.0,0.0,0.0
236,300,8,55,10,52045,True,1.9e-10,1.7268,-57.52612659,0.0003969999999995366,0.0,0.5,0.0,0.0,0.0,0.0,0.0,0.0,0.0,0.0,0.0,0.0,0.0,0.0,0.0,0.5,0.0,0.0,0.0
237,340,10,55,10,103067,True,4e-10,1.7235,-57.526121675,0.00040191499999764346,0.0,0.5,0.0,0.0,0.0,0.0,0.0,0.0,0.0,0.0,0.0,0.0,0.0,0.0,0.0,0.5,0.0,0.0,0.0
238,340,2,55,10,100,True,4.1e-10,2.0161,-57.526315255,0.0002083349999963957,0.0,0.5,0.0,0.0,0.0,0.0,0.0,0.0,0.0,0.0,0.0,0.0,0.0,0.0,0.0,0.5,0.0,0.0,0.0
239,340,4,55,10,6047,True,2e-10,1.6537,-57.52851562,-0.0019920300000038083,0.0,0.5,0.0,0.0,0.0,0.0,0.0,0.0,0.0,0.0,0.0,0.0,0.0,0.0,0.0,0.5,0.0,0.0,0.0
240,340,6,55,10,21104,True,5.1e-10,1.7117,-57.525985365,0.0005382249999996702,0.0,0.5,0.0,0.0,0.0,0.0,0.0,0.0,0.0,0.0,0.0,0.0,0.0,0.0,0.0,0.5,0.0,0.0,0.0
241,340,8,55,10,52050,True,3.2e-10,1.7268,-57.526130005,0.0003935849999976426,0.0,0.5,0.0,0.0,0.0,0.0,0.0,0.0,0.0,0.0,0.0,0.0,0.0,0.0,0.0,0.5,0.0,0.0,0.0
242,380,10,55,10,102158,True,5.2e-10,1.7235,-57.52612347,0.00040011999999478576,0.0,0.5,0.0,0.0,0.0,0.0,0.0,0.0,0.0,0.0,0.0,0.0,0.0,0.0,0.0,0.5,0.0,0.0,0.0
243,380,2,55,10,104,True,5.1e-10,2.0161,-57.526317065,0.0002065249999958496,0.0,0.5,0.0,0.0,0.0,0.0,0.0,0.0,0.0,0.0,0.0,0.0,0.0,0.0,0.0,0.5,0.0,0.0,0.0
244,380,4,55,10,6054,True,2e-10,1.6537,-57.528517415,-0.001993825000006666,0.0,0.5,0.0,0.0,0.0,0.0,0.0,0.0,0.0,0.0,0.0,0.0,0.0,0.0,0.0,0.5,0.0,0.0,0.0
245,380,6,55,10,20164,True,5.1e-10,1.7117,-57.52598716,0.0005364299999968125,0.0,0.5,0.0,0.0,0.0,0.0,0.0,0.0,0.0,0.0,0.0,0.0,0.0,0.0,0.0,0.5,0.0,0.0,0.0
246,380,8,55,11,56104,True,4.2e-11,1.7269,-57.526131805,0.00039178499999792393,0.0,0.5,0.0,0.0,0.0,0.0,0.0,0.0,0.0,0.0,0.0,0.0,0.0,0.0,0.0,0.5,0.0,0.0,0.0
247,100,10,60,10,97100,True,1.1e-10,1.7286,-57.5257311,0.0007924899999949275,0.0,0.5,0.0,0.0,0.0,0.0,0.0,0.0,0.0,0.0,0.0,0.0,0.0,0.0,0.0,0.5,0.0,0.0,0.0
248,100,2,60,11,96,True,2.3e-10,2.0213,-57.525943125,0.0005804649999987532,0.0,0.5,0.0,0.0,0.0,0.0,0.0,0.0,0.0,0.0,0.0,0.0,0.0,0.0,0.0,0.5,0.0,0.0,0.0
249,100,4,60,16,10072,True,3.3e-10,1.6588,-57.52812305,-0.0015994600000013293,0.0,0.5,0.0,0.0,0.0,0.0,0.0,0.0,0.0,0.0,0.0,0.0,0.0,0.0,0.0,0.5,0.0,0.0,0.0
250,100,6,60,8,17061,True,3.9e-10,1.717,-57.52559721,0.0009263799999956746,0.0,0.5,0.0,0.0,0.0,0.0,0.0,0.0,0.0,0.0,0.0,0.0,0.0,0.0,0.0,0.5,0.0,0.0,0.0
251,100,8,60,11,59068,True,4.4e-10,1.732,-57.52574054,0.0007830499999954554,0.0,0.5,0.0,0.0,0.0,0.0,0.0,0.0,0.0,0.0,0.0,0.0,0.0,0.0,0.0,0.5,0.0,0.0,0.0
252,140,10,60,10,104068,True,2.4e-11,1.7236,-57.526193655,0.0003299349999963397,0.0,0.5,0.0,0.0,0.0,0.0,0.0,0.0,0.0,0.0,0.0,0.0,0.0,0.0,0.0,0.5,0.0,0.0,0.0
253,140,2,60,8,81,True,8.3e-10,2.0161,-57.52640394,0.00011964999999491965,0.0,0.5,0.0,0.0,0.0,0.0,0.0,0.0,0.0,0.0,0.0,0.0,0.0,0.0,0.0,0.5,0.0,0.0,0.0
254,140,4,60,12,6096,True,8.3e-10,1.6538,-57.528585295,-0.0020617050000026893,0.0,0.5,0.0,0.0,0.0,0.0,0.0,0.0,0.0,0.0,0.0,0.0,0.0,0.0,0.0,0.5,0.0,0.0,0.0
255,140,6,60,8,18064,True,4.4e-10,1.7119,-57.52605952,0.00046406999999959453,0.0,0.5,0.0,0.0,0.0,0.0,0.0,0.0,0.0,0.0,0.0,0.0,0.0,0.0,0.0,0.5,0.0,0.0,0.0
256,140,8,60,8,44067,True,8.9e-10,1.7271,-57.52620298,0.0003206099999957246,0.0,0.5,0.0,0.0,0.0,0.0,0.0,0.0,0.0,0.0,0.0,0.0,0.0,0.0,0.0,0.5,0.0,0.0,0.0
257,180,10,60,10,122086,True,2.3e-11,1.7234,-57.526228365,0.00029522499999501406,0.0,0.5,0.0,0.0,0.0,0.0,0.0,0.0,0.0,0.0,0.0,0.0,0.0,0.0,0.0,0.5,0.0,0.0,0.0
258,180,2,60,8,93,True,7.9e-10,2.0158,-57.52643919,8.439999999865222e-05,0.0,0.5,0.0,0.0,0.0,0.0,0.0,0.0,0.0,0.0,0.0,0.0,0.0,0.0,0.0,0.5,0.0,0.0,0.0
259,180,4,60,12,7108,True,2.6e-10,1.6536,-57.528619825,-0.0020962350000033325,0.0,0.5,0.0,0.0,0.0,0.0,0.0,0.0,0.0,0.0,0.0,0.0,0.0,0.0,0.0,0.5,0.0,0.0,0.0
260,180,6,60,8,19135,True,5.2e-10,1.7117,-57.52609424,0.0004293499999974415,0.0,0.5,0.0,0.0,0.0,0.0,0.0,0.0,0.0,0.0,0.0,0.0,0.0,0.0,0.0,0.5,0.0,0.0,0.0
261,180,8,60,8,51147,True,7.7e-10,1.7269,-57.5262377,0.00028588999999357156,0.0,0.5,0.0,0.0,0.0,0.0,0.0,0.0,0.0,0.0,0.0,0.0,0.0,0.0,0.0,0.5,0.0,0.0,0.0
262,220,10,60,10,111160,True,1.7e-11,1.7234,-57.526241505,0.00028208499999493597,0.0,0.5,0.0,0.0,0.0,0.0,0.0,0.0,0.0,0.0,0.0,0.0,0.0,0.0,0.0,0.5,0.0,0.0,0.0
263,220,2,60,8,81,True,7.8e-10,2.0158,-57.526452595,7.09949999944115e-05,0.0,0.5,0.0,0.0,0.0,0.0,0.0,0.0,0.0,0.0,0.0,0.0,0.0,0.0,0.0,0.5,0.0,0.0,0.0
264,220,4,60,12,7045,True,3e-10,1.6535,-57.52863289,-0.002109300000000758,0.0,0.5,0.0,0.0,0.0,0.0,0.0,0.0,0.0,0.0,0.0,0.0,0.0,0.0,0.0,0.5,0.0,0.0,0.0
265,220,6,60,8,17159,True,4.7e-10,1.7117,-57.52610738,0.0004162099999973634,0.0,0.5,0.0,0.0,0.0,0.0,0.0,0.0,0.0,0.0,0.0,0.0,0.0,0.0,0.0,0.5,0.0,0.0,0.0
266,220,8,60,8,47109,True,8.1e-10,1.7268,-57.52625084,0.0002727499999934935,0.0,0.5,0.0,0.0,0.0,0.0,0.0,0.0,0.0,0.0,0.0,0.0,0.0,0.0,0.0,0.5,0.0,0.0,0.0
267,260,10,60,10,120080,True,1e-11,1.7234,-57.526244245,0.00027934499999560103,0.0,0.5,0.0,0.0,0.0,0.0,0.0,0.0,0.0,0.0,0.0,0.0,0.0,0.0,0.0,0.5,0.0,0.0,0.0
268,260,2,60,8,85,True,8e-10,2.0158,-57.526455335,6.825499999507656e-05,0.0,0.5,0.0,0.0,0.0,0.0,0.0,0.0,0.0,0.0,0.0,0.0,0.0,0.0,0.0,0.5,0.0,0.0,0.0
269,260,4,60,12,7059,True,8.3e-10,1.6536,-57.528635625,-0.0021120350000032317,0.0,0.5,0.0,0.0,0.0,0.0,0.0,0.0,0.0,0.0,0.0,0.0,0.0,0.0,0.0,0.5,0.0,0.0,0.0
270,260,6,60,8,18097,True,4e-10,1.7117,-57.526110115,0.00041347499999488946,0.0,0.5,0.0,0.0,0.0,0.0,0.0,0.0,0.0,0.0,0.0,0.0,0.0,0.0,0.0,0.5,0.0,0.0,0.0
271,260,8,60,8,48087,True,9.7e-10,1.7268,-57.52625358,0.00027000999999415853,0.0,0.5,0.0,0.0,0.0,0.0,0.0,0.0,0.0,0.0,0.0,0.0,0.0,0.0,0.0,0.5,0.0,0.0,0.0
272,300,10,60,10,120107,True,8.8e-12,1.7233,-57.52624873,0.0002748599999975454,0.0,0.5,0.0,0.0,0.0,0.0,0.0,0.0,0.0,0.0,0.0,0.0,0.0,0.0,0.0,0.5,0.0,0.0,0.0
273,300,2,60,8,92,True,8e-10,2.0157,-57.52645988,6.370999999916194e-05,0.0,0.5,0.0,0.0,0.0,0.0,0.0,0.0,0.0,0.0,0.0,0.0,0.0,0.0,0.0,0.5,0.0,0.0,0.0
274,300,4,60,12,7109,True,9.2e-10,1.6536,-57.5286401,-0.00211651000000046,0.0,0.5,0.0,0.0,0.0,0.0,0.0,0.0,0.0,0.0,0.0,0.0,0.0,0.0,0.0,0.5,0.0,0.0,0.0
275,300,6,60,8,19119,True,3.1e-10,1.7117,-57.5261146,0.00040898999999683383,0.0,0.5,0.0,0.0,0.0,0.0,0.0,0.0,0.0,0.0,0.0,0.0,0.0,0.0,0.0,0.5,0.0,0.0,0.0
276,300,8,60,10,68098,True,9e-10,1.7267,-57.52625807,0.0002655199999992419,0.0,0.5,0.0,0.0,0.0,0.0,0.0,0.0,0.0,0.0,0.0,0.0,0.0,0.0,0.0,0.5,0.0,0.0,0.0
277,340,10,60,10,120061,True,6.9e-12,1.7233,-57.52625213,0.0002714599999933398,0.0,0.5,0.0,0.0,0.0,0.0,0.0,0.0,0.0,0.0,0.0,0.0,0.0,0.0,0.0,0.5,0.0,0.0,0.0
278,340,2,60,8,95,True,7.9e-10,2.0157,-57.52646326,6.032999999661115e-05,0.0,0.5,0.0,0.0,0.0,0.0,0.0,0.0,0.0,0.0,0.0,0.0,0.0,0.0,0.0,0.5,0.0,0.0,0.0
279,340,4,60,13,8081,True,1.9e-10,1.6535,-57.52864351,-0.002119920000005493,0.0,0.5,0.0,0.0,0.0,0.0,0.0,0.0,0.0,0.0,0.0,0.0,0.0,0.0,0.0,0.5,0.0,0.0,0.0
280,340,6,60,8,19115,True,5.3e-10,1.7117,-57.526118005,0.00040558499999576725,0.0,0.5,0.0,0.0,0.0,0.0,0.0,0.0,0.0,0.0,0.0,0.0,0.0,0.0,0.0,0.5,0.0,0.0,0.0
281,340,8,60,10,67162,True,7.2e-10,1.7267,-57.52626147,0.0002621199999950363,0.0,0.5,0.0,0.0,0.0,0.0,0.0,0.0,0.0,0.0,0.0,0.0,0.0,0.0,0.0,0.5,0.0,0.0,0.0
282,380,10,60,10,120039,True,3.9e-12,1.7233,-57.526253925,0.00026966499999758753,0.0,0.5,0.0,0.0,0.0,0.0,0.0,0.0,0.0,0.0,0.0,0.0,0.0,0.0,0.0,0.5,0.0,0.0,0.0
283,380,2,60,8,100,True,7.8e-10,2.0158,-57.52646507,5.851999999606505e-05,0.0,0.5,0.0,0.0,0.0,0.0,0.0,0.0,0.0,0.0,0.0,0.0,0.0,0.0,0.0,0.5,0.0,0.0,0.0
284,380,4,60,13,8083,True,1.9e-10,1.6535,-57.5286453,-0.0021217100000043843,0.0,0.5,0.0,0.0,0.0,0.0,0.0,0.0,0.0,0.0,0.0,0.0,0.0,0.0,0.0,0.5,0.0,0.0,0.0
285,380,6,60,10,25082,True,1.3e-11,1.7116,-57.5261198,0.00040379000000001497,0.0,0.5,0.0,0.0,0.0,0.0,0.0,0.0,0.0,0.0,0.0,0.0,0.0,0.0,0.0,0.5,0.0,0.0,0.0
286,380,8,60,10,66099,True,5.4e-10,1.7267,-57.526263265,0.00026032499999928405,0.0,0.5,0.0,0.0,0.0,0.0,0.0,0.0,0.0,0.0,0.0,0.0,0.0,0.0,0.0,0.5,0.0,0.0,0.0
287,100,10,65,8,82048,True,9.7e-10,1.7286,-57.52584828,0.0006753099999983192,0.0,0.5,0.0,0.0,0.0,0.0,0.0,0.0,0.0,0.0,0.0,0.0,0.0,0.0,0.0,0.5,0.0,0.0,0.0
288,100,2,65,11,102,True,4.9e-10,2.0211,-57.526059215,0.00046437499999996135,0.0,0.5,0.0,0.0,0.0,0.0,0.0,0.0,0.0,0.0,0.0,0.0,0.0,0.0,0.0,0.5,0.0,0.0,0.0
289,100,4,65,12,7029,True,3.4e-10,1.6587,-57.52824188,-0.0017182900000065615,0.0,0.5,0.0,0.0,0.0,0.0,0.0,0.0,0.0,0.0,0.0,0.0,0.0,0.0,0.0,0.5,0.0,0.0,0.0
290,100,6,65,10,20149,True,8.6e-10,1.7168,-57.525712925,0.0008106649999959359,0.0,0.5,0.0,0.0,0.0,0.0,0.0,0.0,0.0,0.0,0.0,0.0,0.0,0.0,0.0,0.5,0.0,0.0,0.0
291,100,8,65,11,57101,True,3.1e-10,1.7318,-57.52585678,0.0006668099999984634,0.0,0.5,0.0,0.0,0.0,0.0,0.0,0.0,0.0,0.0,0.0,0.0,0.0,0.0,0.0,0.5,0.0,0.0,0.0
292,140,10,65,8,83086,True,7.3e-10,1.7236,-57.5262961,0.0002274899999932245,0.0,0.5,0.0,0.0,0.0,0.0,0.0,0.0,0.0,0.0,0.0,0.0,0.0,0.0,0.0,0.5,0.0,0.0,0.0
293,140,2,65,11,105,True,4.7e-10,2.016,-57.52650539,1.8199999999524152e-05,0.0,0.5,0.0,0.0,0.0,0.0,0.0,0.0,0.0,0.0,0.0,0.0,0.0,0.0,0.0,0.5,0.0,0.0,0.0
294,140,4,65,11,6086,True,9e-10,1.6536,-57.52868927,-0.0021656800000044996,0.0,0.5,0.0,0.0,0.0,0.0,0.0,0.0,0.0,0.0,0.0,0.0,0.0,0.0,0.0,0.5,0.0,0.0,0.0
295,140,6,65,10,21083,True,9e-10,1.7118,-57.526160635,0.00036295499999994263,0.0,0.5,0.0,0.0,0.0,0.0,0.0,0.0,0.0,0.0,0.0,0.0,0.0,0.0,0.0,0.5,0.0,0.0,0.0
296,140,8,65,8,42102,True,3.3e-10,1.7268,-57.52630462,0.00021896999999881928,0.0,0.5,0.0,0.0,0.0,0.0,0.0,0.0,0.0,0.0,0.0,0.0,0.0,0.0,0.0,0.5,0.0,0.0,0.0
297,180,10,65,8,98097,True,7e-10,1.7233,-57.526332205,0.0001913849999937156,0.0,0.5,0.0,0.0,0.0,0.0,0.0,0.0,0.0,0.0,0.0,0.0,0.0,0.0,0.0,0.5,0.0,0.0,0.0
298,180,2,65,11,1016,True,4.9e-10,2.0158,-57.526542065,-1.8475000004514186e-05,0.0,0.5,0.0,0.0,0.0,0.0,0.0,0.0,0.0,0.0,0.0,0.0,0.0,0.0,0.0,0.5,0.0,0.0,0.0
299,180,4,65,11,7118,True,8.9e-10,1.6534,-57.528725225,-0.0022016350000058083,0.0,0.5,0.0,0.0,0.0,0.0,0.0,0.0,0.0,0.0,0.0,0.0,0.0,0.0,0.0,0.5,0.0,0.0,0.0
300,180,6,65,10,25079,True,9e-10,1.7116,-57.526196745,0.0003268449999964673,0.0,0.5,0.0,0.0,0.0,0.0,0.0,0.0,0.0,0.0,0.0,0.0,0.0,0.0,0.0,0.5,0.0,0.0,0.0
301,180,8,65,8,49148,True,3.3e-10,1.7266,-57.52634073,0.00018285999999534397,0.0,0.5,0.0,0.0,0.0,0.0,0.0,0.0,0.0,0.0,0.0,0.0,0.0,0.0,0.0,0.5,0.0,0.0,0.0
302,220,10,65,8,92187,True,7.1e-10,1.7233,-57.52634535,0.00017823999999677653,0.0,0.5,0.0,0.0,0.0,0.0,0.0,0.0,0.0,0.0,0.0,0.0,0.0,0.0,0.0,0.5,0.0,0.0,0.0
303,220,2,65,11,1011,True,5e-10,2.0157,-57.526555475,-3.188500000561589e-05,0.0,0.5,0.0,0.0,0.0,0.0,0.0,0.0,0.0,0.0,0.0,0.0,0.0,0.0,0.0,0.5,0.0,0.0,0.0
304,220,4,65,11,7078,True,8.4e-10,1.6534,-57.528738295,-0.0022147050000000945,0.0,0.5,0.0,0.0,0.0,0.0,0.0,0.0,0.0,0.0,0.0,0.0,0.0,0.0,0.0,0.5,0.0,0.0,0.0
305,220,6,65,10,23153,True,8.9e-10,1.7115,-57.52620989,0.00031369999999952825,0.0,0.5,0.0,0.0,0.0,0.0,0.0,0.0,0.0,0.0,0.0,0.0,0.0,0.0,0.0,0.5,0.0,0.0,0.0
306,220,8,65,8,47111,True,3.3e-10,1.7265,-57.52635388,0.00016970999999443848,0.0,0.5,0.0,0.0,0.0,0.0,0.0,0.0,0.0,0.0,0.0,0.0,0.0,0.0,0.0,0.5,0.0,0.0,0.0
307,260,10,65,8,102090,True,7.5e-10,1.7233,-57.526348095,0.00017549499999347518,0.0,0.5,0.0,0.0,0.0,0.0,0.0,0.0,0.0,0.0,0.0,0.0,0.0,0.0,0.0,0.5,0.0,0.0,0.0
308,260,2,65,11,1023,True,4.9e-10,2.0157,-57.526558215,-3.4625000004950834e-05,0.0,0.5,0.0,0.0,0.0,0.0,0.0,0.0,0.0,0.0,0.0,0.0,0.0,0.0,0.0,0.5,0.0,0.0,0.0
309,260,4,65,11,8046,True,8.2e-10,1.6534,-57.528741045,-0.002217455000000257,0.0,0.5,0.0,0.0,0.0,0.0,0.0,0.0,0.0,0.0,0.0,0.0,0.0,0.0,0.0,0.5,0.0,0.0,0.0
310,260,6,65,10,25167,True,8.8e-10,1.7115,-57.526212635,0.0003109549999962269,0.0,0.5,0.0,0.0,0.0,0.0,0.0,0.0,0.0,0.0,0.0,0.0,0.0,0.0,0.0,0.5,0.0,0.0,0.0
311,260,8,65,8,51141,True,3.3e-10,1.7265,-57.52635663,0.00016695999999427613,0.0,0.5,0.0,0.0,0.0,0.0,0.0,0.0,0.0,0.0,0.0,0.0,0.0,0.0,0.0,0.5,0.0,0.0,0.0
312,300,10,65,8,101101,True,8.8e-10,1.7233,-57.526352595,0.00017099499999773116,0.0,0.5,0.0,0.0,0.0,0.0,0.0,0.0,0.0,0.0,0.0,0.0,0.0,0.0,0.0,0.5,0.0,0.0,0.0
313,300,2,65,11,1022,True,4.8e-10,2.0157,-57.526562775,-3.9185000005659276e-05,0.0,0.5,0.0,0.0,0.0,0.0,0.0,0.0,0.0,0.0,0.0,0.0,0.0,0.0,0.0,0.5,0.0,0.0,0.0
314,300,4,65,11,8043,True,7.7e-10,1.6533,-57.52874553,-0.002221940000005418,0.0,0.5,0.0,0.0,0.0,0.0,0.0,0.0,0.0,0.0,0.0,0.0,0.0,0.0,0.0,0.5,0.0,0.0,0.0
315,300,6,65,10,25179,True,8.6e-10,1.7115,-57.526217135,0.00030645499999337744,0.0,0.5,0.0,0.0,0.0,0.0,0.0,0.0,0.0,0.0,0.0,0.0,0.0,0.0,0.0,0.5,0.0,0.0,0.0
316,300,8,65,8,51159,True,3.5e-10,1.7265,-57.52636113,0.0001624599999985321,0.0,0.5,0.0,0.0,0.0,0.0,0.0,0.0,0.0,0.0,0.0,0.0,0.0,0.0,0.0,0.5,0.0,0.0,0.0
317,340,10,65,10,137119,True,1.9e-10,1.7232,-57.52635599,0.00016759999999749198,0.0,0.5,0.0,0.0,0.0,0.0,0.0,0.0,0.0,0.0,0.0,0.0,0.0,0.0,0.0,0.5,0.0,0.0,0.0
318,340,2,65,11,1029,True,4.6e-10,2.0157,-57.526566145,-4.255500000027723e-05,0.0,0.5,0.0,0.0,0.0,0.0,0.0,0.0,0.0,0.0,0.0,0.0,0.0,0.0,0.0,0.5,0.0,0.0,0.0
319,340,4,65,11,8047,True,7.6e-10,1.6533,-57.528748925,-0.002225335000005657,0.0,0.5,0.0,0.0,0.0,0.0,0.0,0.0,0.0,0.0,0.0,0.0,0.0,0.0,0.0,0.5,0.0,0.0,0.0
320,340,6,65,10,26092,True,8.3e-10,1.7115,-57.526220525,0.0003030649999971047,0.0,0.5,0.0,0.0,0.0,0.0,0.0,0.0,0.0,0.0,0.0,0.0,0.0,0.0,0.0,0.5,0.0,0.0,0.0
321,340,8,65,8,52097,True,4.6e-10,1.7266,-57.52636452,0.00015906999999515392,0.0,0.5,0.0,0.0,0.0,0.0,0.0,0.0,0.0,0.0,0.0,0.0,0.0,0.0,0.0,0.5,0.0,0.0,0.0
322,380,10,65,10,137032,True,1e-10,1.7232,-57.52635778,0.0001658099999986007,0.0,0.5,0.0,0.0,0.0,0.0,0.0,0.0,0.0,0.0,0.0,0.0,0.0,0.0,0.0,0.5,0.0,0.0,0.0
323,380,2,65,11,1036,True,4.9e-10,2.0157,-57.526567955,-4.436500000082333e-05,0.0,0.5,0.0,0.0,0.0,0.0,0.0,0.0,0.0,0.0,0.0,0.0,0.0,0.0,0.0,0.5,0.0,0.0,0.0
324,380,4,65,11,8047,True,7.5e-10,1.6533,-57.52875072,-0.0022271300000014094,0.0,0.5,0.0,0.0,0.0,0.0,0.0,0.0,0.0,0.0,0.0,0.0,0.0,0.0,0.0,0.5,0.0,0.0,0.0
325,380,6,65,10,26083,True,7.3e-10,1.7115,-57.52622232,0.000301269999994247,0.0,0.5,0.0,0.0,0.0,0.0,0.0,0.0,0.0,0.0,0.0,0.0,0.0,0.0,0.0,0.5,0.0,0.0,0.0
326,380,8,65,8,51148,True,9.4e-10,1.7266,-57.52636631,0.00015727999999626263,0.0,0.5,0.0,0.0,0.0,0.0,0.0,0.0,0.0,0.0,0.0,0.0,0.0,0.0,0.0,0.5,0.0,0.0,0.0
327,100,10,70,10,111084,True,1.6e-10,1.7286,-57.525934845,0.000588744999994617,0.0,0.5,0.0,0.0,0.0,0.0,0.0,0.0,0.0,0.0,0.0,0.0,0.0,0.0,0.0,0.5,0.0,0.0,0.0
328,100,2,70,11,105,True,1.5e-10,2.0211,-57.526138285,0.0003853049999946734,0.0,0.5,0.0,0.0,0.0,0.0,0.0,0.0,0.0,0.0,0.0,0.0,0.0,0.0,0.0,0.5,0.0,0.0,0.0
329,100,4,70,11,6097,True,9.1e-10,1.6588,-57.528329655,-0.001806065000003798,0.0,0.5,0.0,0.0,0.0,0.0,0.0,0.0,0.0,0.0,0.0,0.0,0.0,0.0,0.0,0.5,0.0,0.0,0.0
330,100,6,70,11,23088,True,2e-11,1.7168,-57.52579791,0.0007256799999950658,0.0,0.5,0.0,0.0,0.0,0.0,0.0,0.0,0.0,0.0,0.0,0.0,0.0,0.0,0.0,0.5,0.0,0.0,0.0
331,140,10,70,8,90083,True,8.5e-10,1.7233,-57.526370135,0.00015345499999597223,0.0,0.5,0.0,0.0,0.0,0.0,0.0,0.0,0.0,0.0,0.0,0.0,0.0,0.0,0.0,0.5,0.0,0.0,0.0
332,140,2,70,11,110,True,4.7e-10,2.0158,-57.52657288,-4.929000000686301e-05,0.0,0.5,0.0,0.0,0.0,0.0,0.0,0.0,0.0,0.0,0.0,0.0,0.0,0.0,0.0,0.5,0.0,0.0,0.0
333,140,4,70,12,7093,True,4.8e-10,1.6536,-57.528764375,-0.002240785000005019,0.0,0.5,0.0,0.0,0.0,0.0,0.0,0.0,0.0,0.0,0.0,0.0,0.0,0.0,0.0,0.5,0.0,0.0,0.0
334,140,6,70,10,21155,True,6.8e-10,1.7117,-57.526233305,0.0002902849999983914,0.0,0.5,0.0,0.0,0.0,0.0,0.0,0.0,0.0,0.0,0.0,0.0,0.0,0.0,0.0,0.5,0.0,0.0,0.0
335,140,8,70,10,60132,True,1e-10,1.7266,-57.52637844,0.0001451499999944872,0.0,0.5,0.0,0.0,0.0,0.0,0.0,0.0,0.0,0.0,0.0,0.0,0.0,0.0,0.0,0.5,0.0,0.0,0.0
336,180,10,70,8,102033,True,9.6e-10,1.7231,-57.526408055,0.00011553499999905625,0.0,0.5,0.0,0.0,0.0,0.0,0.0,0.0,0.0,0.0,0.0,0.0,0.0,0.0,0.0,0.5,0.0,0.0,0.0
337,180,2,70,11,1019,True,4.7e-10,2.0156,-57.52661121,-8.76200000021754e-05,0.0,0.5,0.0,0.0,0.0,0.0,0.0,0.0,0.0,0.0,0.0,0.0,0.0,0.0,0.0,0.5,0.0,0.0,0.0
338,180,4,70,12,8081,True,4.8e-10,1.6534,-57.52880218,-0.002278590000003078,0.0,0.5,0.0,0.0,0.0,0.0,0.0,0.0,0.0,0.0,0.0,0.0,0.0,0.0,0.0,0.5,0.0,0.0,0.0
339,180,6,70,10,25168,True,6.7e-10,1.7115,-57.526271195,0.0002523949999968522,0.0,0.5,0.0,0.0,0.0,0.0,0.0,0.0,0.0,0.0,0.0,0.0,0.0,0.0,0.0,0.5,0.0,0.0,0.0
340,180,8,70,10,66158,True,1.2e-10,1.7264,-57.52641636,0.00010722999999757121,0.0,0.5,0.0,0.0,0.0,0.0,0.0,0.0,0.0,0.0,0.0,0.0,0.0,0.0,0.0,0.5,0.0,0.0,0.0
341,220,10,70,8,95148,True,9.5e-10,1.7231,-57.52642116,0.00010242999999832136,0.0,0.5,0.0,0.0,0.0,0.0,0.0,0.0,0.0,0.0,0.0,0.0,0.0,0.0,0.0,0.5,0.0,0.0,0.0
342,220,2,70,11,1013,True,4.6e-10,2.0155,-57.526624595,-0.00010100500000476131,0.0,0.5,0.0,0.0,0.0,0.0,0.0,0.0,0.0,0.0,0.0,0.0,0.0,0.0,0.0,0.5,0.0,0.0,0.0
343,220,4,70,12,8048,True,6.4e-10,1.6533,-57.528815205,-0.002291615000004299,0.0,0.5,0.0,0.0,0.0,0.0,0.0,0.0,0.0,0.0,0.0,0.0,0.0,0.0,0.0,0.5,0.0,0.0,0.0
344,220,6,70,10,24143,True,6.8e-10,1.7114,-57.5262843,0.00023928999999611733,0.0,0.5,0.0,0.0,0.0,0.0,0.0,0.0,0.0,0.0,0.0,0.0,0.0,0.0,0.0,0.5,0.0,0.0,0.0
345,220,8,70,10,63138,True,1.2e-10,1.7263,-57.52642947,9.411999999997533e-05,0.0,0.5,0.0,0.0,0.0,0.0,0.0,0.0,0.0,0.0,0.0,0.0,0.0,0.0,0.0,0.5,0.0,0.0,0.0
346,260,10,70,8,106028,True,9.1e-10,1.7231,-57.52642393,9.965999999650421e-05,0.0,0.5,0.0,0.0,0.0,0.0,0.0,0.0,0.0,0.0,0.0,0.0,0.0,0.0,0.0,0.5,0.0,0.0,0.0
347,260,2,70,11,1027,True,4.7e-10,2.0155,-57.526627355,-0.00010376500000575106,0.0,0.5,0.0,0.0,0.0,0.0,0.0,0.0,0.0,0.0,0.0,0.0,0.0,0.0,0.0,0.5,0.0,0.0,0.0
348,260,4,70,12,8114,True,5.6e-10,1.6533,-57.52881798,-0.002294390000002977,0.0,0.5,0.0,0.0,0.0,0.0,0.0,0.0,0.0,0.0,0.0,0.0,0.0,0.0,0.0,0.5,0.0,0.0,0.0
349,260,6,70,10,26152,True,6.8e-10,1.7114,-57.52628707,0.00023651999999430018,0.0,0.5,0.0,0.0,0.0,0.0,0.0,0.0,0.0,0.0,0.0,0.0,0.0,0.0,0.0,0.5,0.0,0.0,0.0
350,260,8,70,10,69098,True,1.1e-10,1.7263,-57.52643224,9.134999999815818e-05,0.0,0.5,0.0,0.0,0.0,0.0,0.0,0.0,0.0,0.0,0.0,0.0,0.0,0.0,0.0,0.5,0.0,0.0,0.0
351,300,10,70,8,104101,True,8.3e-10,1.723,-57.52642845,9.513999999910538e-05,0.0,0.5,0.0,0.0,0.0,0.0,0.0,0.0,0.0,0.0,0.0,0.0,0.0,0.0,0.0,0.5,0.0,0.0,0.0
352,300,2,70,11,1031,True,4.6e-10,2.0155,-57.526631935,-0.00010834500000100888,0.0,0.5,0.0,0.0,0.0,0.0,0.0,0.0,0.0,0.0,0.0,0.0,0.0,0.0,0.0,0.5,0.0,0.0,0.0
353,300,4,70,12,8129,True,4.6e-10,1.6533,-57.528822485,-0.0022988950000026875,0.0,0.5,0.0,0.0,0.0,0.0,0.0,0.0,0.0,0.0,0.0,0.0,0.0,0.0,0.0,0.5,0.0,0.0,0.0
354,300,6,70,10,27096,True,6.6e-10,1.7114,-57.52629159,0.00023199999999690135,0.0,0.5,0.0,0.0,0.0,0.0,0.0,0.0,0.0,0.0,0.0,0.0,0.0,0.0,0.0,0.5,0.0,0.0,0.0
355,300,8,70,10,69160,True,6.3e-11,1.7263,-57.52643676,8.682999999365393e-05,0.0,0.5,0.0,0.0,0.0,0.0,0.0,0.0,0.0,0.0,0.0,0.0,0.0,0.0,0.0,0.5,0.0,0.0,0.0
356,340,10,70,8,105050,True,6.5e-10,1.7231,-57.526431835,9.175499999969361e-05,0.0,0.5,0.0,0.0,0.0,0.0,0.0,0.0,0.0,0.0,0.0,0.0,0.0,0.0,0.0,0.5,0.0,0.0,0.0
357,340,2,70,11,1031,True,4.6e-10,2.0155,-57.526635295,-0.00011170500000190486,0.0,0.5,0.0,0.0,0.0,0.0,0.0,0.0,0.0,0.0,0.0,0.0,0.0,0.0,0.0,0.5,0.0,0.0,0.0
358,340,4,70,12,8119,True,3.5e-10,1.6533,-57.52882588,-0.0023022900000029267,0.0,0.5,0.0,0.0,0.0,0.0,0.0,0.0,0.0,0.0,0.0,0.0,0.0,0.0,0.0,0.5,0.0,0.0,0.0
359,340,6,70,10,26156,True,6e-10,1.7114,-57.52629497,0.00022861999999435056,0.0,0.5,0.0,0.0,0.0,0.0,0.0,0.0,0.0,0.0,0.0,0.0,0.0,0.0,0.0,0.5,0.0,0.0,0.0
360,340,8,70,10,68138,True,1e-10,1.7263,-57.526440145,8.344499999424215e-05,0.0,0.5,0.0,0.0,0.0,0.0,0.0,0.0,0.0,0.0,0.0,0.0,0.0,0.0,0.0,0.5,0.0,0.0,0.0
361,380,10,70,8,104120,True,5.5e-10,1.7231,-57.52643363,8.99599999968359e-05,0.0,0.5,0.0,0.0,0.0,0.0,0.0,0.0,0.0,0.0,0.0,0.0,0.0,0.0,0.0,0.5,0.0,0.0,0.0
362,380,2,70,11,1031,True,3.9e-10,2.0155,-57.526637105,-0.00011351500000245096,0.0,0.5,0.0,0.0,0.0,0.0,0.0,0.0,0.0,0.0,0.0,0.0,0.0,0.0,0.0,0.5,0.0,0.0,0.0
363,380,4,70,11,8059,True,8.7e-10,1.6533,-57.52882767,-0.002304080000001818,0.0,0.5,0.0,0.0,0.0,0.0,0.0,0.0,0.0,0.0,0.0,0.0,0.0,0.0,0.0,0.5,0.0,0.0,0.0
364,380,6,70,10,26174,True,5.1e-10,1.7114,-57.526296765,0.0002268249999985983,0.0,0.5,0.0,0.0,0.0,0.0,0.0,0.0,0.0,0.0,0.0,0.0,0.0,0.0,0.0,0.5,0.0,0.0,0.0
365,380,8,70,10,66073,True,5.9e-11,1.7263,-57.526441935,8.165499999535086e-05,0.0,0.5,0.0,0.0,0.0,0.0,0.0,0.0,0.0,0.0,0.0,0.0,0.0,0.0,0.0,0.5,0.0,0.0,0.0
366,100,10,75,10,112092,True,2.9e-10,1.7287,-57.52598532,0.0005382699999998408,0.0,0.5,0.0,0.0,0.0,0.0,0.0,0.0,0.0,0.0,0.0,0.0,0.0,0.0,0.0,0.5,0.0,0.0,0.0
367,100,2,75,11,108,True,4.5e-11,2.0212,-57.526190815,0.00033277499999684323,0.0,0.5,0.0,0.0,0.0,0.0,0.0,0.0,0.0,0.0,0.0,0.0,0.0,0.0,0.0,0.5,0.0,0.0,0.0
368,100,4,75,10,6051,True,2.7e-11,1.6587,-57.528379055,-0.0018554650000055517,0.0,0.5,0.0,0.0,0.0,0.0,0.0,0.0,0.0,0.0,0.0,0.0,0.0,0.0,0.0,0.5,0.0,0.0,0.0
369,100,6,75,11,23114,True,5.2e-12,1.7168,-57.52584897,0.0006746199999980718,0.0,0.5,0.0,0.0,0.0,0.0,0.0,0.0,0.0,0.0,0.0,0.0,0.0,0.0,0.0,0.5,0.0,0.0,0.0
370,100,8,75,10,54057,True,1.3e-11,1.7319,-57.525993855,0.0005297349999935363,0.0,0.5,0.0,0.0,0.0,0.0,0.0,0.0,0.0,0.0,0.0,0.0,0.0,0.0,0.0,0.5,0.0,0.0,0.0
371,140,10,75,10,115163,True,7.3e-11,1.7233,-57.52641281,0.00011077999999997701,0.0,0.5,0.0,0.0,0.0,0.0,0.0,0.0,0.0,0.0,0.0,0.0,0.0,0.0,0.0,0.5,0.0,0.0,0.0
372,140,2,75,11,112,True,5.2e-10,2.0159,-57.52661703,-9.34400000005553e-05,0.0,0.5,0.0,0.0,0.0,0.0,0.0,0.0,0.0,0.0,0.0,0.0,0.0,0.0,0.0,0.5,0.0,0.0,0.0
373,140,4,75,11,6116,True,3.1e-10,1.6535,-57.52880614,-0.00228255000000388,0.0,0.5,0.0,0.0,0.0,0.0,0.0,0.0,0.0,0.0,0.0,0.0,0.0,0.0,0.0,0.5,0.0,0.0,0.0
374,140,6,75,10,21102,True,3.3e-10,1.7116,-57.52627646,0.00024712999999820795,0.0,0.5,0.0,0.0,0.0,0.0,0.0,0.0,0.0,0.0,0.0,0.0,0.0,0.0,0.0,0.5,0.0,0.0,0.0
375,140,8,75,10,54111,True,6.2e-11,1.7266,-57.526421355,0.00010223499999995056,0.0,0.5,0.0,0.0,0.0,0.0,0.0,0.0,0.0,0.0,0.0,0.0,0.0,0.0,0.0,0.5,0.0,0.0,0.0
376,180,10,75,10,136068,True,6.9e-11,1.7231,-57.526452385,7.120499999757612e-05,0.0,0.5,0.0,0.0,0.0,0.0,0.0,0.0,0.0,0.0,0.0,0.0,0.0,0.0,0.0,0.5,0.0,0.0,0.0
377,180,2,75,11,1025,True,6e-11,2.0157,-57.5266571,-0.00013351000000483282,0.0,0.5,0.0,0.0,0.0,0.0,0.0,0.0,0.0,0.0,0.0,0.0,0.0,0.0,0.0,0.5,0.0,0.0,0.0
378,180,4,75,12,8085,True,8e-10,1.6534,-57.528845575,-0.0023219850000018027,0.0,0.5,0.0,0.0,0.0,0.0,0.0,0.0,0.0,0.0,0.0,0.0,0.0,0.0,0.0,0.5,0.0,0.0,0.0
379,180,6,75,10,25091,True,3.6e-10,1.7114,-57.52631603,0.00020755999999977348,0.0,0.5,0.0,0.0,0.0,0.0,0.0,0.0,0.0,0.0,0.0,0.0,0.0,0.0,0.0,0.5,0.0,0.0,0.0
380,180,8,75,10,64131,True,5.8e-11,1.7264,-57.52646093,6.265999999754968e-05,0.0,0.5,0.0,0.0,0.0,0.0,0.0,0.0,0.0,0.0,0.0,0.0,0.0,0.0,0.0,0.5,0.0,0.0,0.0
381,220,10,75,10,130107,True,6.9e-11,1.7231,-57.52646539,5.8199999998009844e-05,0.0,0.5,0.0,0.0,0.0,0.0,0.0,0.0,0.0,0.0,0.0,0.0,0.0,0.0,0.0,0.5,0.0,0.0,0.0
382,220,2,75,11,1020,True,6e-11,2.0156,-57.52667038,-0.0001467900000022837,0.0,0.5,0.0,0.0,0.0,0.0,0.0,0.0,0.0,0.0,0.0,0.0,0.0,0.0,0.0,0.5,0.0,0.0,0.0
383,220,4,75,13,8087,True,2.8e-10,1.6533,-57.528858505,-0.0023349150000058216,0.0,0.5,0.0,0.0,0.0,0.0,0.0,0.0,0.0,0.0,0.0,0.0,0.0,0.0,0.0,0.5,0.0,0.0,0.0
384,220,6,75,10,24080,True,3.5e-10,1.7114,-57.52632903,0.0001945599999970682,0.0,0.5,0.0,0.0,0.0,0.0,0.0,0.0,0.0,0.0,0.0,0.0,0.0,0.0,0.0,0.5,0.0,0.0,0.0
385,220,8,75,10,61153,True,6.1e-11,1.7263,-57.52647394,4.964999999401698e-05,0.0,0.5,0.0,0.0,0.0,0.0,0.0,0.0,0.0,0.0,0.0,0.0,0.0,0.0,0.0,0.5,0.0,0.0,0.0
386,260,10,75,10,141051,True,6.8e-11,1.7231,-57.526468185,5.5404999997676896e-05,0.0,0.5,0.0,0.0,0.0,0.0,0.0,0.0,0.0,0.0,0.0,0.0,0.0,0.0,0.0,0.5,0.0,0.0,0.0
387,260,2,75,11,1034,True,5.8e-11,2.0156,-57.52667316,-0.00014957000000492826,0.0,0.5,0.0,0.0,0.0,0.0,0.0,0.0,0.0,0.0,0.0,0.0,0.0,0.0,0.0,0.5,0.0,0.0,0.0
388,260,4,75,12,8119,True,9.5e-10,1.6533,-57.5288613,-0.0023377100000061546,0.0,0.5,0.0,0.0,0.0,0.0,0.0,0.0,0.0,0.0,0.0,0.0,0.0,0.0,0.0,0.5,0.0,0.0,0.0
389,260,6,75,10,26100,True,3.6e-10,1.7114,-57.52633182,0.00019176999999359623,0.0,0.5,0.0,0.0,0.0,0.0,0.0,0.0,0.0,0.0,0.0,0.0,0.0,0.0,0.0,0.5,0.0,0.0,0.0
390,260,8,75,10,66180,True,5.7e-11,1.7263,-57.526476735,4.685499999368403e-05,0.0,0.5,0.0,0.0,0.0,0.0,0.0,0.0,0.0,0.0,0.0,0.0,0.0,0.0,0.0,0.5,0.0,0.0,0.0
391,300,2,75,11,1034,True,5.7e-11,2.0156,-57.526677765,-0.0001541750000058073,0.0,0.5,0.0,0.0,0.0,0.0,0.0,0.0,0.0,0.0,0.0,0.0,0.0,0.0,0.0,0.5,0.0,0.0,0.0
392,300,4,75,11,8085,True,5.4e-10,1.6533,-57.528865825,-0.0023422350000004144,0.0,0.5,0.0,0.0,0.0,0.0,0.0,0.0,0.0,0.0,0.0,0.0,0.0,0.0,0.0,0.5,0.0,0.0,0.0
393,300,6,75,10,26131,True,3.5e-10,1.7113,-57.52633636,0.0001872299999945426,0.0,0.5,0.0,0.0,0.0,0.0,0.0,0.0,0.0,0.0,0.0,0.0,0.0,0.0,0.0,0.5,0.0,0.0,0.0
394,300,8,75,10,66152,True,5.7e-11,1.7263,-57.526481275,4.23149999946304e-05,0.0,0.5,0.0,0.0,0.0,0.0,0.0,0.0,0.0,0.0,0.0,0.0,0.0,0.0,0.0,0.5,0.0,0.0,0.0
395,340,10,75,8,107064,True,9.8e-10,1.723,-57.526476105,4.7484999996072474e-05,0.0,0.5,0.0,0.0,0.0,0.0,0.0,0.0,0.0,0.0,0.0,0.0,0.0,0.0,0.0,0.5,0.0,0.0,0.0
396,340,2,75,11,1038,True,4.8e-11,2.0156,-57.526681125,-0.00015753500000670329,0.0,0.5,0.0,0.0,0.0,0.0,0.0,0.0,0.0,0.0,0.0,0.0,0.0,0.0,0.0,0.5,0.0,0.0,0.0
397,340,4,75,11,8077,True,9.5e-10,1.6533,-57.52886922,-0.0023456300000006536,0.0,0.5,0.0,0.0,0.0,0.0,0.0,0.0,0.0,0.0,0.0,0.0,0.0,0.0,0.0,0.5,0.0,0.0,0.0
398,340,6,75,10,26141,True,3.4e-10,1.7113,-57.526339745,0.00018384499999513082,0.0,0.5,0.0,0.0,0.0,0.0,0.0,0.0,0.0,0.0,0.0,0.0,0.0,0.0,0.0,0.5,0.0,0.0,0.0
399,340,8,75,10,66128,True,5.5e-11,1.7263,-57.52648466,3.892999999521862e-05,0.0,0.5,0.0,0.0,0.0,0.0,0.0,0.0,0.0,0.0,0.0,0.0,0.0,0.0,0.0,0.5,0.0,0.0,0.0
400,380,10,75,8,107040,True,6.7e-10,1.723,-57.526477905,4.568499999635378e-05,0.0,0.5,0.0,0.0,0.0,0.0,0.0,0.0,0.0,0.0,0.0,0.0,0.0,0.0,0.0,0.5,0.0,0.0,0.0
401,380,2,75,10,1026,True,9e-10,2.0156,-57.526682935,-0.00015934500000014395,0.0,0.5,0.0,0.0,0.0,0.0,0.0,0.0,0.0,0.0,0.0,0.0,0.0,0.0,0.0,0.5,0.0,0.0,0.0
402,380,4,75,12,8138,True,8e-10,1.6533,-57.528871015,-0.0023474250000035113,0.0,0.5,0.0,0.0,0.0,0.0,0.0,0.0,0.0,0.0,0.0,0.0,0.0,0.0,0.0,0.5,0.0,0.0,0.0
403,380,6,75,10,26150,True,3.2e-10,1.7113,-57.52634154,0.00018204999999937854,0.0,0.5,0.0,0.0,0.0,0.0,0.0,0.0,0.0,0.0,0.0,0.0,0.0,0.0,0.0,0.5,0.0,0.0,0.0
404,380,8,75,10,65091,True,3.4e-11,1.7263,-57.526486455,3.7134999999466345e-05,0.0,0.5,0.0,0.0,0.0,0.0,0.0,0.0,0.0,0.0,0.0,0.0,0.0,0.0,0.0,0.5,0.0,0.0,0.0
405,100,10,80,10,111129,True,3e-10,1.7287,-57.526007275,0.0005163149999987127,0.0,0.5,0.0,0.0,0.0,0.0,0.0,0.0,0.0,0.0,0.0,0.0,0.0,0.0,0.0,0.5,0.0,0.0,0.0
406,100,2,80,11,98,True,5.5e-11,2.0212,-57.52621287,0.00031071999999454647,0.0,0.5,0.0,0.0,0.0,0.0,0.0,0.0,0.0,0.0,0.0,0.0,0.0,0.0,0.0,0.5,0.0,0.0,0.0
407,100,4,80,10,6033,True,1.5e-10,1.6588,-57.52840035,-0.0018767600000018092,0.0,0.5,0.0,0.0,0.0,0.0,0.0,0.0,0.0,0.0,0.0,0.0,0.0,0.0,0.0,0.5,0.0,0.0,0.0
408,100,6,80,11,23087,True,2.8e-12,1.7169,-57.525870695,0.0006528949999946576,0.0,0.5,0.0,0.0,0.0,0.0,0.0,0.0,0.0,0.0,0.0,0.0,0.0,0.0,0.0,0.5,0.0,0.0,0.0
409,100,8,80,10,51085,True,7.6e-12,1.7319,-57.52601589,0.0005076999999999998,0.0,0.5,0.0,0.0,0.0,0.0,0.0,0.0,0.0,0.0,0.0,0.0,0.0,0.0,0.0,0.5,0.0,0.0,0.0
410,140,10,80,10,123093,True,9e-11,1.7233,-57.52643121,9.237999999811564e-05,0.0,0.5,0.0,0.0,0.0,0.0,0.0,0.0,0.0,0.0,0.0,0.0,0.0,0.0,0.0,0.5,0.0,0.0,0.0
411,140,2,80,11,1011,True,3e-12,2.0158,-57.52663497,-0.00011138000000698867,0.0,0.5,0.0,0.0,0.0,0.0,0.0,0.0,0.0,0.0,0.0,0.0,0.0,0.0,0.0,0.5,0.0,0.0,0.0
412,140,4,80,10,6094,True,8.5e-10,1.6535,-57.52882412,-0.0023005300000065176,0.0,0.5,0.0,0.0,0.0,0.0,0.0,0.0,0.0,0.0,0.0,0.0,0.0,0.0,0.0,0.5,0.0,0.0,0.0
413,140,6,80,10,22141,True,3.3e-10,1.7116,-57.526294685,0.00022890499999306257,0.0,0.5,0.0,0.0,0.0,0.0,0.0,0.0,0.0,0.0,0.0,0.0,0.0,0.0,0.0,0.5,0.0,0.0,0.0
414,140,8,80,10,58071,True,6.9e-11,1.7265,-57.526439795,8.379499999477957e-05,0.0,0.5,0.0,0.0,0.0,0.0,0.0,0.0,0.0,0.0,0.0,0.0,0.0,0.0,0.0,0.5,0.0,0.0,0.0
415,180,10,80,10,137056,True,8.6e-11,1.7231,-57.52647201,5.1579999997386494e-05,0.0,0.5,0.0,0.0,0.0,0.0,0.0,0.0,0.0,0.0,0.0,0.0,0.0,0.0,0.0,0.5,0.0,0.0,0.0
416,180,2,80,11,1029,True,4.6e-11,2.0156,-57.526676205,-0.00015261500000463002,0.0,0.5,0.0,0.0,0.0,0.0,0.0,0.0,0.0,0.0,0.0,0.0,0.0,0.0,0.0,0.5,0.0,0.0,0.0
417,180,4,80,10,7106,True,4.7e-10,1.6533,-57.528864755,-0.0023411650000042528,0.0,0.5,0.0,0.0,0.0,0.0,0.0,0.0,0.0,0.0,0.0,0.0,0.0,0.0,0.0,0.5,0.0,0.0,0.0
418,180,6,80,10,26139,True,3.4e-10,1.7114,-57.52633547,0.00018811999999712725,0.0,0.5,0.0,0.0,0.0,0.0,0.0,0.0,0.0,0.0,0.0,0.0,0.0,0.0,0.0,0.5,0.0,0.0,0.0
419,180,8,80,10,66154,True,4.4e-11,1.7264,-57.526480605,4.298499999322303e-05,0.0,0.5,0.0,0.0,0.0,0.0,0.0,0.0,0.0,0.0,0.0,0.0,0.0,0.0,0.0,0.5,0.0,0.0,0.0
420,220,10,80,10,130043,True,8.4e-11,1.7231,-57.52648487,3.871999999915943e-05,0.0,0.5,0.0,0.0,0.0,0.0,0.0,0.0,0.0,0.0,0.0,0.0,0.0,0.0,0.0,0.5,0.0,0.0,0.0
421,220,2,80,11,1027,True,4.5e-11,2.0155,-57.52668935,-0.0001657600000015691,0.0,0.5,0.0,0.0,0.0,0.0,0.0,0.0,0.0,0.0,0.0,0.0,0.0,0.0,0.0,0.5,0.0,0.0,0.0
422,220,4,80,16,10037,True,3.8e-10,1.6533,-57.52887754,-0.0023539500000069324,0.0,0.5,0.0,0.0,0.0,0.0,0.0,0.0,0.0,0.0,0.0,0.0,0.0,0.0,0.0,0.5,0.0,0.0,0.0
423,220,6,80,10,24106,True,3.6e-10,1.7114,-57.526348325,0.00017526499999576117,0.0,0.5,0.0,0.0,0.0,0.0,0.0,0.0,0.0,0.0,0.0,0.0,0.0,0.0,0.0,0.5,0.0,0.0,0.0
424,220,8,80,10,61083,True,3.8e-11,1.7263,-57.526493465,3.012499999499596e-05,0.0,0.5,0.0,0.0,0.0,0.0,0.0,0.0,0.0,0.0,0.0,0.0,0.0,0.0,0.0,0.5,0.0,0.0,0.0
425,260,10,80,10,141112,True,8.3e-11,1.7231,-57.526487675,3.5914999997999075e-05,0.0,0.5,0.0,0.0,0.0,0.0,0.0,0.0,0.0,0.0,0.0,0.0,0.0,0.0,0.0,0.5,0.0,0.0,0.0
426,260,2,80,11,1034,True,4.6e-11,2.0155,-57.526692145,-0.00016855500000190204,0.0,0.5,0.0,0.0,0.0,0.0,0.0,0.0,0.0,0.0,0.0,0.0,0.0,0.0,0.0,0.5,0.0,0.0,0.0
427,260,4,80,18,12072,True,2.3e-10,1.6531,-57.528880345,-0.0023567550000009874,0.0,0.5,0.0,0.0,0.0,0.0,0.0,0.0,0.0,0.0,0.0,0.0,0.0,0.0,0.0,0.5,0.0,0.0,0.0
428,260,6,80,10,26142,True,3.3e-10,1.7114,-57.52635113,0.00017245999999460082,0.0,0.5,0.0,0.0,0.0,0.0,0.0,0.0,0.0,0.0,0.0,0.0,0.0,0.0,0.0,0.5,0.0,0.0,0.0
429,260,8,80,10,66131,True,4e-11,1.7263,-57.52649627,2.731999999383561e-05,0.0,0.5,0.0,0.0,0.0,0.0,0.0,0.0,0.0,0.0,0.0,0.0,0.0,0.0,0.0,0.5,0.0,0.0,0.0
430,300,2,80,11,1033,True,4.7e-11,2.0155,-57.52669676,-0.0001731700000036085,0.0,0.5,0.0,0.0,0.0,0.0,0.0,0.0,0.0,0.0,0.0,0.0,0.0,0.0,0.0,0.5,0.0,0.0,0.0
431,300,4,80,14,10044,True,5e-10,1.6531,-57.528884885,-0.002361295000000041,0.0,0.5,0.0,0.0,0.0,0.0,0.0,0.0,0.0,0.0,0.0,0.0,0.0,0.0,0.0,0.5,0.0,0.0,0.0
432,300,8,80,10,67115,True,4.5e-11,1.7263,-57.526500825,2.2764999997093582e-05,0.0,0.5,0.0,0.0,0.0,0.0,0.0,0.0,0.0,0.0,0.0,0.0,0.0,0.0,0.0,0.5,0.0,0.0,0.0
433,340,10,80,10,142105,True,7.9e-11,1.7231,-57.52649562,2.7969999997878858e-05,0.0,0.5,0.0,0.0,0.0,0.0,0.0,0.0,0.0,0.0,0.0,0.0,0.0,0.0,0.0,0.5,0.0,0.0,0.0
434,340,2,80,11,1036,True,7.1e-12,2.0155,-57.526700125,-0.00017653500000136546,0.0,0.5,0.0,0.0,0.0,0.0,0.0,0.0,0.0,0.0,0.0,0.0,0.0,0.0,0.0,0.5,0.0,0.0,0.0
435,340,4,80,14,10114,True,9e-10,1.6533,-57.528888285,-0.0023646950000042466,0.0,0.5,0.0,0.0,0.0,0.0,0.0,0.0,0.0,0.0,0.0,0.0,0.0,0.0,0.0,0.5,0.0,0.0,0.0
436,340,6,80,10,26181,True,3.3e-10,1.7113,-57.52635907,0.00016451999999844702,0.0,0.5,0.0,0.0,0.0,0.0,0.0,0.0,0.0,0.0,0.0,0.0,0.0,0.0,0.0,0.5,0.0,0.0,0.0
437,340,8,80,10,66111,True,3.5e-11,1.7263,-57.526504215,1.937499999371539e-05,0.0,0.5,0.0,0.0,0.0,0.0,0.0,0.0,0.0,0.0,0.0,0.0,0.0,0.0,0.0,0.5,0.0,0.0,0.0
438,380,10,80,8,108058,True,8.5e-10,1.723,-57.52649742,2.6169999998160165e-05,0.0,0.5,0.0,0.0,0.0,0.0,0.0,0.0,0.0,0.0,0.0,0.0,0.0,0.0,0.0,0.5,0.0,0.0,0.0
439,380,2,80,11,1037,True,2.9e-12,2.0155,-57.52670194,-0.00017835000000587797,0.0,0.5,0.0,0.0,0.0,0.0,0.0,0.0,0.0,0.0,0.0,0.0,0.0,0.0,0.0,0.5,0.0,0.0,0.0
440,380,4,80,18,13135,True,8.4e-12,1.6532,-57.528890085,-0.0023664950000039653,0.0,0.5,0.0,0.0,0.0,0.0,0.0,0.0,0.0,0.0,0.0,0.0,0.0,0.0,0.0,0.5,0.0,0.0,0.0
441,380,6,80,10,26184,True,2.8e-10,1.7113,-57.52636087,0.00016271999999872833,0.0,0.5,0.0,0.0,0.0,0.0,0.0,0.0,0.0,0.0,0.0,0.0,0.0,0.0,0.0,0.5,0.0,0.0,0.0
442,380,8,80,10,66130,True,1.9e-11,1.7263,-57.526506015,1.75749999939967e-05,0.0,0.5,0.0,0.0,0.0,0.0,0.0,0.0,0.0,0.0,0.0,0.0,0.0,0.0,0.0,0.5,0.0,0.0,0.0
443,100,2,85,11,106,True,2.2e-10,2.0212,-57.526219915,0.0003036749999978383,0.0,0.5,0.0,0.0,0.0,0.0,0.0,0.0,0.0,0.0,0.0,0.0,0.0,0.0,0.0,0.5,0.0,0.0,0.0
444,100,4,85,12,7072,True,3.2e-10,1.6589,-57.528406365,-0.0018827750000056653,0.0,0.5,0.0,0.0,0.0,0.0,0.0,0.0,0.0,0.0,0.0,0.0,0.0,0.0,0.0,0.5,0.0,0.0,0.0
445,100,6,85,11,25076,True,6.4e-12,1.7169,-57.525876625,0.0006469649999942817,0.0,0.5,0.0,0.0,0.0,0.0,0.0,0.0,0.0,0.0,0.0,0.0,0.0,0.0,0.0,0.5,0.0,0.0,0.0
446,140,10,85,10,125114,True,8.7e-11,1.7233,-57.526436005,8.758499999572678e-05,0.0,0.5,0.0,0.0,0.0,0.0,0.0,0.0,0.0,0.0,0.0,0.0,0.0,0.0,0.0,0.5,0.0,0.0,0.0
447,140,2,85,11,1016,True,4.7e-10,2.0158,-57.52664029,-0.00011670000000663094,0.0,0.5,0.0,0.0,0.0,0.0,0.0,0.0,0.0,0.0,0.0,0.0,0.0,0.0,0.0,0.5,0.0,0.0,0.0
448,140,4,85,16,8119,True,5.6e-10,1.6534,-57.528829,-0.0023054100000052813,0.0,0.5,0.0,0.0,0.0,0.0,0.0,0.0,0.0,0.0,0.0,0.0,0.0,0.0,0.0,0.5,0.0,0.0,0.0
449,140,6,85,10,21129,True,4.3e-10,1.7116,-57.526299555,0.00022403499999512633,0.0,0.5,0.0,0.0,0.0,0.0,0.0,0.0,0.0,0.0,0.0,0.0,0.0,0.0,0.0,0.5,0.0,0.0,0.0
450,140,8,85,10,54103,True,1.7e-10,1.7265,-57.5264446,7.898999999866874e-05,0.0,0.5,0.0,0.0,0.0,0.0,0.0,0.0,0.0,0.0,0.0,0.0,0.0,0.0,0.0,0.5,0.0,0.0,0.0
451,180,2,85,11,1029,True,6.9e-10,2.0155,-57.526682175,-0.00015858500000121012,0.0,0.5,0.0,0.0,0.0,0.0,0.0,0.0,0.0,0.0,0.0,0.0,0.0,0.0,0.0,0.5,0.0,0.0,0.0
452,180,4,85,16,11048,True,2.8e-12,1.6533,-57.528870255,-0.0023466650000045775,0.0,0.5,0.0,0.0,0.0,0.0,0.0,0.0,0.0,0.0,0.0,0.0,0.0,0.0,0.0,0.5,0.0,0.0,0.0
453,180,6,85,10,25131,True,3.7e-10,1.7114,-57.526340955,0.00018263499999449095,0.0,0.5,0.0,0.0,0.0,0.0,0.0,0.0,0.0,0.0,0.0,0.0,0.0,0.0,0.0,0.5,0.0,0.0,0.0
454,180,8,85,10,63133,True,5.8e-11,1.7263,-57.526486015,3.7574999993239544e-05,0.0,0.5,0.0,0.0,0.0,0.0,0.0,0.0,0.0,0.0,0.0,0.0,0.0,0.0,0.0,0.5,0.0,0.0,0.0
455,220,10,85,10,133122,True,8.3e-11,1.7231,-57.526490135,3.345499999340973e-05,0.0,0.5,0.0,0.0,0.0,0.0,0.0,0.0,0.0,0.0,0.0,0.0,0.0,0.0,0.0,0.5,0.0,0.0,0.0
456,220,2,85,11,1017,True,5.5e-10,2.0155,-57.52669518,-0.0001715900000007764,0.0,0.5,0.0,0.0,0.0,0.0,0.0,0.0,0.0,0.0,0.0,0.0,0.0,0.0,0.0,0.5,0.0,0.0,0.0
457,220,4,85,16,10035,True,1.9e-11,1.6532,-57.5288829,-0.002359310000002779,0.0,0.5,0.0,0.0,0.0,0.0,0.0,0.0,0.0,0.0,0.0,0.0,0.0,0.0,0.0,0.5,0.0,0.0,0.0
458,220,6,85,10,24108,True,3.6e-10,1.7114,-57.52635367,0.0001699199999976031,0.0,0.5,0.0,0.0,0.0,0.0,0.0,0.0,0.0,0.0,0.0,0.0,0.0,0.0,0.0,0.5,0.0,0.0,0.0
459,220,8,85,10,61071,True,4.8e-11,1.7263,-57.526498735,2.48549999994907e-05,0.0,0.5,0.0,0.0,0.0,0.0,0.0,0.0,0.0,0.0,0.0,0.0,0.0,0.0,0.0,0.5,0.0,0.0,0.0
460,260,10,85,10,144132,True,8.2e-11,1.7231,-57.52649294,3.0649999999354804e-05,0.0,0.5,0.0,0.0,0.0,0.0,0.0,0.0,0.0,0.0,0.0,0.0,0.0,0.0,0.0,0.5,0.0,0.0,0.0
461,260,2,85,11,1022,True,5.5e-10,2.0155,-57.52669798,-0.00017439000000507576,0.0,0.5,0.0,0.0,0.0,0.0,0.0,0.0,0.0,0.0,0.0,0.0,0.0,0.0,0.0,0.5,0.0,0.0,0.0
462,260,4,85,16,10055,True,1.8e-11,1.6532,-57.528885705,-0.0023621150000039393,0.0,0.5,0.0,0.0,0.0,0.0,0.0,0.0,0.0,0.0,0.0,0.0,0.0,0.0,0.0,0.5,0.0,0.0,0.0
463,260,6,85,10,26132,True,3.6e-10,1.7114,-57.526356475,0.00016711499999644275,0.0,0.5,0.0,0.0,0.0,0.0,0.0,0.0,0.0,0.0,0.0,0.0,0.0,0.0,0.0,0.5,0.0,0.0,0.0
464,260,8,85,10,65175,True,5.7e-11,1.7263,-57.526501545,2.2044999994363934e-05,0.0,0.5,0.0,0.0,0.0,0.0,0.0,0.0,0.0,0.0,0.0,0.0,0.0,0.0,0.0,0.5,0.0,0.0,0.0
465,300,10,85,8,109079,True,9.8e-10,1.723,-57.526497495,2.609499999550735e-05,0.0,0.5,0.0,0.0,0.0,0.0,0.0,0.0,0.0,0.0,0.0,0.0,0.0,0.0,0.0,0.5,0.0,0.0,0.0
466,300,2,85,11,1036,True,5.5e-10,2.0154,-57.526702595,-0.0001790050000067822,0.0,0.5,0.0,0.0,0.0,0.0,0.0,0.0,0.0,0.0,0.0,0.0,0.0,0.0,0.0,0.5,0.0,0.0,0.0
467,300,4,85,17,12028,True,1.2e-10,1.6532,-57.52889025,-0.0023666600000069593,0.0,0.5,0.0,0.0,0.0,0.0,0.0,0.0,0.0,0.0,0.0,0.0,0.0,0.0,0.0,0.5,0.0,0.0,0.0
468,300,6,85,10,26183,True,3.7e-10,1.7113,-57.52636103,0.00016255999999970072,0.0,0.5,0.0,0.0,0.0,0.0,0.0,0.0,0.0,0.0,0.0,0.0,0.0,0.0,0.0,0.5,0.0,0.0,0.0
469,300,8,85,10,66165,True,4.5e-11,1.7263,-57.5265061,1.7489999997621908e-05,0.0,0.5,0.0,0.0,0.0,0.0,0.0,0.0,0.0,0.0,0.0,0.0,0.0,0.0,0.0,0.5,0.0,0.0,0.0
470,340,10,85,8,109094,True,8.8e-10,1.723,-57.52650089,2.2699999995268172e-05,0.0,0.5,0.0,0.0,0.0,0.0,0.0,0.0,0.0,0.0,0.0,0.0,0.0,0.0,0.0,0.5,0.0,0.0,0.0
471,340,2,85,11,1036,True,7.1e-10,2.0154,-57.526705965,-0.00018237500000140017,0.0,0.5,0.0,0.0,0.0,0.0,0.0,0.0,0.0,0.0,0.0,0.0,0.0,0.0,0.0,0.5,0.0,0.0,0.0
472,340,4,85,16,11094,True,2.1e-10,1.6532,-57.528893655,-0.0023700650000009205,0.0,0.5,0.0,0.0,0.0,0.0,0.0,0.0,0.0,0.0,0.0,0.0,0.0,0.0,0.0,0.5,0.0,0.0,0.0
473,340,6,85,10,27095,True,3.6e-10,1.7113,-57.52636443,0.00015915999999549513,0.0,0.5,0.0,0.0,0.0,0.0,0.0,0.0,0.0,0.0,0.0,0.0,0.0,0.0,0.0,0.5,0.0,0.0,0.0
474,340,8,85,10,67120,True,3.5e-11,1.7263,-57.526509495,1.4094999997382729e-05,0.0,0.5,0.0,0.0,0.0,0.0,0.0,0.0,0.0,0.0,0.0,0.0,0.0,0.0,0.0,0.5,0.0,0.0,0.0
475,380,10,85,8,109128,True,6.2e-10,1.723,-57.526502695,2.089499999868849e-05,0.0,0.5,0.0,0.0,0.0,0.0,0.0,0.0,0.0,0.0,0.0,0.0,0.0,0.0,0.0,0.5,0.0,0.0,0.0
476,380,2,85,11,1037,True,7.9e-10,2.0154,-57.52670778,-0.00018419000000591268,0.0,0.5,0.0,0.0,0.0,0.0,0.0,0.0,0.0,0.0,0.0,0.0,0.0,0.0,0.0,0.5,0.0,0.0,0.0
477,380,4,85,18,14107,True,8.6e-11,1.6532,-57.52889546,-0.0023718700000046056,0.0,0.5,0.0,0.0,0.0,0.0,0.0,0.0,0.0,0.0,0.0,0.0,0.0,0.0,0.0,0.5,0.0,0.0,0.0
478,380,6,85,10,27130,True,2.9e-10,1.7113,-57.52636623,0.00015735999999577643,0.0,0.5,0.0,0.0,0.0,0.0,0.0,0.0,0.0,0.0,0.0,0.0,0.0,0.0,0.0,0.5,0.0,0.0,0.0
479,380,8,85,10,66169,True,1e-10,1.7263,-57.5265113,1.228999999369762e-05,0.0,0.5,0.0,0.0,0.0,0.0,0.0,0.0,0.0,0.0,0.0,0.0,0.0,0.0,0.0,0.5,0.0,0.0,0.0
480,100,2,90,10,103,True,4.5e-10,2.0213,-57.52622467,0.00029891999999875907,0.0,0.5,0.0,0.0,0.0,0.0,0.0,0.0,0.0,0.0,0.0,0.0,0.0,0.0,0.0,0.5,0.0,0.0,0.0
481,140,10,90,10,119079,True,8.6e-11,1.7233,-57.52643853,8.505999999641745e-05,0.0,0.5,0.0,0.0,0.0,0.0,0.0,0.0,0.0,0.0,0.0,0.0,0.0,0.0,0.0,0.5,0.0,0.0,0.0
482,140,2,90,11,1016,True,2.7e-10,2.0159,-57.52664276,-0.00011917000000494227,0.0,0.5,0.0,0.0,0.0,0.0,0.0,0.0,0.0,0.0,0.0,0.0,0.0,0.0,0.0,0.5,0.0,0.0,0.0
483,140,4,90,14,8048,True,2.7e-10,1.6535,-57.528831585,-0.0023079950000024496,0.0,0.5,0.0,0.0,0.0,0.0,0.0,0.0,0.0,0.0,0.0,0.0,0.0,0.0,0.0,0.5,0.0,0.0,0.0
484,140,6,90,10,22067,True,6.7e-10,1.7116,-57.52630209,0.0002214999999949896,0.0,0.5,0.0,0.0,0.0,0.0,0.0,0.0,0.0,0.0,0.0,0.0,0.0,0.0,0.0,0.5,0.0,0.0,0.0
485,140,8,90,10,54074,True,6.4e-10,1.7265,-57.526447115,7.647499999308138e-05,0.0,0.5,0.0,0.0,0.0,0.0,0.0,0.0,0.0,0.0,0.0,0.0,0.0,0.0,0.0,0.5,0.0,0.0,0.0
486,180,10,90,10,139025,True,7.9e-11,1.7231,-57.526479715,4.3874999995807684e-05,0.0,0.5,0.0,0.0,0.0,0.0,0.0,0.0,0.0,0.0,0.0,0.0,0.0,0.0,0.0,0.5,0.0,0.0,0.0
487,180,2,90,11,1030,True,2.4e-10,2.0157,-57.526684435,-0.00016084500000346225,0.0,0.5,0.0,0.0,0.0,0.0,0.0,0.0,0.0,0.0,0.0,0.0,0.0,0.0,0.0,0.5,0.0,0.0,0.0
488,180,4,90,15,10040,True,7.7e-10,1.6533,-57.528872615,-0.0023490250000008928,0.0,0.5,0.0,0.0,0.0,0.0,0.0,0.0,0.0,0.0,0.0,0.0,0.0,0.0,0.0,0.5,0.0,0.0,0.0
489,180,6,90,10,26088,True,4.5e-10,1.7114,-57.52634326,0.00018032999999917365,0.0,0.5,0.0,0.0,0.0,0.0,0.0,0.0,0.0,0.0,0.0,0.0,0.0,0.0,0.0,0.5,0.0,0.0,0.0
490,180,8,90,10,64081,True,6e-10,1.7263,-57.526488305,3.528499999561063e-05,0.0,0.5,0.0,0.0,0.0,0.0,0.0,0.0,0.0,0.0,0.0,0.0,0.0,0.0,0.0,0.5,0.0,0.0,0.0
491,220,2,90,11,1021,True,2.4e-10,2.0156,-57.52669737,-0.00017378000000434213,0.0,0.5,0.0,0.0,0.0,0.0,0.0,0.0,0.0,0.0,0.0,0.0,0.0,0.0,0.0,0.5,0.0,0.0,0.0
492,220,4,90,13,8086,True,7.8e-10,1.6533,-57.528885195,-0.0023616050000043742,0.0,0.5,0.0,0.0,0.0,0.0,0.0,0.0,0.0,0.0,0.0,0.0,0.0,0.0,0.0,0.5,0.0,0.0,0.0
493,220,6,90,10,24155,True,4.5e-10,1.7114,-57.52635591,0.00016767999999700578,0.0,0.5,0.0,0.0,0.0,0.0,0.0,0.0,0.0,0.0,0.0,0.0,0.0,0.0,0.0,0.5,0.0,0.0,0.0
494,220,8,90,10,61053,True,6.1e-10,1.7262,-57.526500965,2.2624999999720785e-05,0.0,0.5,0.0,0.0,0.0,0.0,0.0,0.0,0.0,0.0,0.0,0.0,0.0,0.0,0.0,0.5,0.0,0.0,0.0
495,260,10,90,10,134147,True,7.9e-11,1.7231,-57.52649518,2.8409999998757485e-05,0.0,0.5,0.0,0.0,0.0,0.0,0.0,0.0,0.0,0.0,0.0,0.0,0.0,0.0,0.0,0.5,0.0,0.0,0.0
496,260,2,90,11,1023,True,2.4e-10,2.0156,-57.526700175,-0.00017658500000550248,0.0,0.5,0.0,0.0,0.0,0.0,0.0,0.0,0.0,0.0,0.0,0.0,0.0,0.0,0.0,0.5,0.0,0.0,0.0
497,260,4,90,19,11121,True,8.6e-12,1.6532,-57.528888005,-0.0023644150000023956,0.0,0.5,0.0,0.0,0.0,0.0,0.0,0.0,0.0,0.0,0.0,0.0,0.0,0.0,0.0,0.5,0.0,0.0,0.0
498,260,6,90,10,25102,True,4.5e-10,1.7114,-57.52635872,0.00016486999999898444,0.0,0.5,0.0,0.0,0.0,0.0,0.0,0.0,0.0,0.0,0.0,0.0,0.0,0.0,0.0,0.5,0.0,0.0,0.0
499,260,8,90,10,62105,True,6.1e-10,1.7262,-57.526503775,1.9814999994594018e-05,0.0,0.5,0.0,0.0,0.0,0.0,0.0,0.0,0.0,0.0,0.0,0.0,0.0,0.0,0.0,0.5,0.0,0.0,0.0
500,300,2,90,11,1031,True,2.4e-10,2.0156,-57.52670479,-0.0001812000000001035,0.0,0.5,0.0,0.0,0.0,0.0,0.0,0.0,0.0,0.0,0.0,0.0,0.0,0.0,0.0,0.5,0.0,0.0,0.0
501,300,4,90,19,12121,True,1.3e-11,1.6532,-57.528892545,-0.002368955000001449,0.0,0.5,0.0,0.0,0.0,0.0,0.0,0.0,0.0,0.0,0.0,0.0,0.0,0.0,0.0,0.5,0.0,0.0,0.0
502,300,6,90,10,27125,True,4.5e-10,1.7113,-57.526363275,0.00016031499999513699,0.0,0.5,0.0,0.0,0.0,0.0,0.0,0.0,0.0,0.0,0.0,0.0,0.0,0.0,0.0,0.5,0.0,0.0,0.0
503,300,8,90,10,67080,True,6.1e-10,1.7262,-57.52650833,1.5259999997851992e-05,0.0,0.5,0.0,0.0,0.0,0.0,0.0,0.0,0.0,0.0,0.0,0.0,0.0,0.0,0.0,0.5,0.0,0.0,0.0
504,340,10,90,10,146120,True,7.7e-11,1.7231,-57.52650313,2.0459999994670852e-05,0.0,0.5,0.0,0.0,0.0,0.0,0.0,0.0,0.0,0.0,0.0,0.0,0.0,0.0,0.0,0.5,0.0,0.0,0.0
505,340,2,90,11,1036,True,2.2e-10,2.0156,-57.52670816,-0.00018457000000182688,0.0,0.5,0.0,0.0,0.0,0.0,0.0,0.0,0.0,0.0,0.0,0.0,0.0,0.0,0.0,0.5,0.0,0.0,0.0
506,340,4,90,12,9059,True,4.3e-10,1.6532,-57.528895955,-0.002372365000006482,0.0,0.5,0.0,0.0,0.0,0.0,0.0,0.0,0.0,0.0,0.0,0.0,0.0,0.0,0.0,0.5,0.0,0.0,0.0
507,340,6,90,10,27135,True,4.4e-10,1.7113,-57.52636667,0.0001569199999948978,0.0,0.5,0.0,0.0,0.0,0.0,0.0,0.0,0.0,0.0,0.0,0.0,0.0,0.0,0.0,0.5,0.0,0.0,0.0
508,340,8,90,10,66085,True,6.2e-10,1.7262,-57.526511725,1.1864999997612813e-05,0.0,0.5,0.0,0.0,0.0,0.0,0.0,0.0,0.0,0.0,0.0,0.0,0.0,0.0,0.0,0.5,0.0,0.0,0.0
509,380,10,90,8,119159,True,9.9e-10,1.723,-57.526504935,1.865499999809117e-05,0.0,0.5,0.0,0.0,0.0,0.0,0.0,0.0,0.0,0.0,0.0,0.0,0.0,0.0,0.0,0.5,0.0,0.0,0.0
510,380,2,90,10,1042,True,1e-09,2.0157,-57.526709975,-0.0001863850000063394,0.0,0.5,0.0,0.0,0.0,0.0,0.0,0.0,0.0,0.0,0.0,0.0,0.0,0.0,0.0,0.5,0.0,0.0,0.0
511,380,4,90,11,9104,True,4.4e-10,1.6533,-57.528897755,-0.002374165000006201,0.0,0.5,0.0,0.0,0.0,0.0,0.0,0.0,0.0,0.0,0.0,0.0,0.0,0.0,0.0,0.5,0.0,0.0,0.0
512,380,6,90,10,30098,True,4.6e-10,1.7113,-57.526368475,0.00015511499999831813,0.0,0.5,0.0,0.0,0.0,0.0,0.0,0.0,0.0,0.0,0.0,0.0,0.0,0.0,0.0,0.5,0.0,0.0,0.0
513,380,8,90,10,72132,True,8e-10,1.7262,-57.52651353,1.0059999993927704e-05,0.0,0.5,0.0,0.0,0.0,0.0,0.0,0.0,0.0,0.0,0.0,0.0,0.0,0.0,0.0,0.5,0.0,0.0,0.0
514,140,10,95,8,90158,True,9.1e-10,1.7233,-57.526446105,7.748499999848946e-05,0.0,0.5,0.0,0.0,0.0,0.0,0.0,0.0,0.0,0.0,0.0,0.0,0.0,0.0,0.0,0.5,0.0,0.0,0.0
515,140,2,95,11,1014,True,1.9e-10,2.0158,-57.526650965,-0.0001273750000052587,0.0,0.5,0.0,0.0,0.0,0.0,0.0,0.0,0.0,0.0,0.0,0.0,0.0,0.0,0.0,0.5,0.0,0.0,0.0
516,140,4,95,12,7069,True,8.4e-10,1.6536,-57.52883926,-0.002315670000001546,0.0,0.5,0.0,0.0,0.0,0.0,0.0,0.0,0.0,0.0,0.0,0.0,0.0,0.0,0.0,0.5,0.0,0.0,0.0
517,140,6,95,10,22153,True,8.9e-10,1.7116,-57.526309655,0.000213934999997889,0.0,0.5,0.0,0.0,0.0,0.0,0.0,0.0,0.0,0.0,0.0,0.0,0.0,0.0,0.0,0.5,0.0,0.0,0.0
518,140,8,95,10,55111,True,6.7e-10,1.7265,-57.5264547,6.888999999432599e-05,0.0,0.5,0.0,0.0,0.0,0.0,0.0,0.0,0.0,0.0,0.0,0.0,0.0,0.0,0.0,0.5,0.0,0.0,0.0
519,180,10,95,8,109094,True,9.6e-10,1.7231,-57.526486095,3.749499999372574e-05,0.0,0.5,0.0,0.0,0.0,0.0,0.0,0.0,0.0,0.0,0.0,0.0,0.0,0.0,0.0,0.5,0.0,0.0,0.0
520,180,2,95,10,1020,True,1.1e-10,2.0157,-57.526691345,-0.00016775500000676402,0.0,0.5,0.0,0.0,0.0,0.0,0.0,0.0,0.0,0.0,0.0,0.0,0.0,0.0,0.0,0.5,0.0,0.0,0.0
521,180,4,95,11,8069,True,2.3e-10,1.6533,-57.528879075,-0.0023554850000024885,0.0,0.5,0.0,0.0,0.0,0.0,0.0,0.0,0.0,0.0,0.0,0.0,0.0,0.0,0.0,0.5,0.0,0.0,0.0
522,180,6,95,10,26140,True,4.4e-10,1.7114,-57.52634963,0.0001739599999979191,0.0,0.5,0.0,0.0,0.0,0.0,0.0,0.0,0.0,0.0,0.0,0.0,0.0,0.0,0.0,0.5,0.0,0.0,0.0
523,180,8,95,10,63156,True,6.2e-10,1.7263,-57.526494695,2.8894999999806714e-05,0.0,0.5,0.0,0.0,0.0,0.0,0.0,0.0,0.0,0.0,0.0,0.0,0.0,0.0,0.0,0.5,0.0,0.0,0.0
524,220,10,95,8,101066,True,9.4e-10,1.723,-57.52649885,2.4739999993528272e-05,0.0,0.5,0.0,0.0,0.0,0.0,0.0,0.0,0.0,0.0,0.0,0.0,0.0,0.0,0.0,0.5,0.0,0.0,0.0
525,220,2,95,11,1026,True,1.5e-10,2.0155,-57.526704385,-0.0001807950000056735,0.0,0.5,0.0,0.0,0.0,0.0,0.0,0.0,0.0,0.0,0.0,0.0,0.0,0.0,0.0,0.5,0.0,0.0,0.0
526,220,4,95,11,7128,True,2e-10,1.6532,-57.52889176,-0.0023681700000039996,0.0,0.5,0.0,0.0,0.0,0.0,0.0,0.0,0.0,0.0,0.0,0.0,0.0,0.0,0.0,0.5,0.0,0.0,0.0
527,220,6,95,10,25146,True,4.4e-10,1.7114,-57.52636238,0.00016120999999458263,0.0,0.5,0.0,0.0,0.0,0.0,0.0,0.0,0.0,0.0,0.0,0.0,0.0,0.0,0.0,0.5,0.0,0.0,0.0
528,220,8,95,10,61096,True,6.2e-10,1.7262,-57.52650745,1.6139999999609245e-05,0.0,0.5,0.0,0.0,0.0,0.0,0.0,0.0,0.0,0.0,0.0,0.0,0.0,0.0,0.0,0.5,0.0,0.0,0.0
529,260,10,95,8,109056,True,9e-10,1.723,-57.526501665,2.1924999998645944e-05,0.0,0.5,0.0,0.0,0.0,0.0,0.0,0.0,0.0,0.0,0.0,0.0,0.0,0.0,0.0,0.5,0.0,0.0,0.0
530,260,2,95,11,1035,True,1.5e-10,2.0155,-57.526707195,-0.00018360500000369484,0.0,0.5,0.0,0.0,0.0,0.0,0.0,0.0,0.0,0.0,0.0,0.0,0.0,0.0,0.0,0.5,0.0,0.0,0.0
531,260,4,95,11,8105,True,2.8e-10,1.6533,-57.528894575,-0.0023709850000059873,0.0,0.5,0.0,0.0,0.0,0.0,0.0,0.0,0.0,0.0,0.0,0.0,0.0,0.0,0.0,0.5,0.0,0.0,0.0
532,260,6,95,10,27094,True,4.4e-10,1.7114,-57.526365195,0.0001583949999997003,0.0,0.5,0.0,0.0,0.0,0.0,0.0,0.0,0.0,0.0,0.0,0.0,0.0,0.0,0.0,0.5,0.0,0.0,0.0
533,260,8,95,10,67085,True,6e-10,1.7262,-57.526510265,1.332499999762149e-05,0.0,0.5,0.0,0.0,0.0,0.0,0.0,0.0,0.0,0.0,0.0,0.0,0.0,0.0,0.0,0.5,0.0,0.0,0.0
534,300,10,95,8,111044,True,8.6e-10,1.723,-57.52650622,1.736999999479849e-05,0.0,0.5,0.0,0.0,0.0,0.0,0.0,0.0,0.0,0.0,0.0,0.0,0.0,0.0,0.0,0.5,0.0,0.0,0.0
535,300,2,95,10,1033,True,1.1e-10,2.0156,-57.52671181,-0.0001882200000054013,0.0,0.5,0.0,0.0,0.0,0.0,0.0,0.0,0.0,0.0,0.0,0.0,0.0,0.0,0.0,0.5,0.0,0.0,0.0
536,300,4,95,11,8117,True,2.2e-10,1.6532,-57.528899115,-0.002375525000005041,0.0,0.5,0.0,0.0,0.0,0.0,0.0,0.0,0.0,0.0,0.0,0.0,0.0,0.0,0.0,0.5,0.0,0.0,0.0
537,300,6,95,10,27146,True,4.4e-10,1.7113,-57.52636975,0.00015383999999585285,0.0,0.5,0.0,0.0,0.0,0.0,0.0,0.0,0.0,0.0,0.0,0.0,0.0,0.0,0.0,0.5,0.0,0.0,0.0
538,300,8,95,10,67100,True,6.1e-10,1.7262,-57.526514825,8.764999996913048e-06,0.0,0.5,0.0,0.0,0.0,0.0,0.0,0.0,0.0,0.0,0.0,0.0,0.0,0.0,0.0,0.5,0.0,0.0,0.0
539,340,10,95,8,110047,True,7.9e-10,1.723,-57.526509615,1.3974999994559312e-05,0.0,0.5,0.0,0.0,0.0,0.0,0.0,0.0,0.0,0.0,0.0,0.0,0.0,0.0,0.0,0.5,0.0,0.0,0.0
540,340,2,95,10,1035,True,1.1e-10,2.0156,-57.526715175,-0.00019158500000315826,0.0,0.5,0.0,0.0,0.0,0.0,0.0,0.0,0.0,0.0,0.0,0.0,0.0,0.0,0.0,0.5,0.0,0.0,0.0
541,340,4,95,11,8100,True,7.5e-10,1.6533,-57.52890252,-0.0023789300000061075,0.0,0.5,0.0,0.0,0.0,0.0,0.0,0.0,0.0,0.0,0.0,0.0,0.0,0.0,0.0,0.5,0.0,0.0,0.0
542,340,6,95,10,27154,True,4.6e-10,1.7113,-57.526373145,0.00015044499999561367,0.0,0.5,0.0,0.0,0.0,0.0,0.0,0.0,0.0,0.0,0.0,0.0,0.0,0.0,0.0,0.5,0.0,0.0,0.0
543,340,8,95,10,66121,True,6.2e-10,1.7262,-57.526518215,5.374999993534857e-06,0.0,0.5,0.0,0.0,0.0,0.0,0.0,0.0,0.0,0.0,0.0,0.0,0.0,0.0,0.0,0.5,0.0,0.0,0.0
544,380,10,95,8,120137,True,7.4e-10,1.723,-57.526511415,1.2174999994840618e-05,0.0,0.5,0.0,0.0,0.0,0.0,0.0,0.0,0.0,0.0,0.0,0.0,0.0,0.0,0.0,0.5,0.0,0.0,0.0
545,380,2,95,10,1041,True,1.1e-10,2.0156,-57.52671699,-0.00019340000000056534,0.0,0.5,0.0,0.0,0.0,0.0,0.0,0.0,0.0,0.0,0.0,0.0,0.0,0.0,0.0,0.5,0.0,0.0,0.0
546,380,4,95,11,9094,True,8e-10,1.6533,-57.52890432,-0.0023807300000058262,0.0,0.5,0.0,0.0,0.0,0.0,0.0,0.0,0.0,0.0,0.0,0.0,0.0,0.0,0.0,0.5,0.0,0.0,0.0
547,380,6,95,10,30122,True,5.7e-10,1.7114,-57.526374945,0.00014864499999589498,0.0,0.5,0.0,0.0,0.0,0.0,0.0,0.0,0.0,0.0,0.0,0.0,0.0,0.0,0.0,0.5,0.0,0.0,0.0
548,380,8,95,10,72161,True,7.9e-10,1.7262,-57.52652002,3.5699999969551754e-06,0.0,0.5,0.0,0.0,0.0,0.0,0.0,0.0,0.0,0.0,0.0,0.0,0.0,0.0,0.0,0.5,0.0,0.0,0.0
