,element,ecutoff,dE
0,Ag,30.0,0.1621248741
1,Ag,35.0,0.1621248741
2,Ag,40.0,0.1621248741
3,Ag,45.0,0.1621248741
4,Ag,50.0,0.1621248741
5,Ag,55.0,0.1621248741
6,Ag,60.0,0.1621248741
7,Ag,65.0,0.1621248741
8,Ag,70.0,0.1621248741
9,Ag,75.0,0.1621248741
10,Ag,80.0,0.1621248741
11,Ag,90.0,0.1621248741
12,Ag,100.0,0.1621248741
13,Ag,120.0,0.1621248741
14,Ag,150.0,0.1621248741
15,Ag,200.0,0.1621248741
0,Al,30.0,0.0742471141
1,Al,35.0,0.0742471141
2,Al,40.0,0.0742471141
3,Al,45.0,0.0742471141
4,Al,50.0,0.0742471141
5,Al,55.0,0.0742471141
6,Al,60.0,0.0742471141
7,Al,65.0,0.0742471141
8,Al,70.0,0.0742471141
9,Al,75.0,0.0742471141
10,Al,80.0,0.0742471141
11,Al,90.0,0.0742471141
12,Al,100.0,0.0742471141
13,Al,120.0,0.0742471141
14,Al,150.0,0.0742471141
15,Al,200.0,0.0742471141
0,Ar,30.0,0.020396172100000002
1,Ar,35.0,0.020396172100000002
2,Ar,40.0,0.020396172100000002
3,Ar,45.0,0.020396172100000002
4,Ar,50.0,0.020396172100000002
5,Ar,55.0,0.020396172100000002
6,Ar,60.0,0.020396172100000002
7,Ar,65.0,0.020396172100000002
8,Ar,70.0,0.020396172100000002
9,Ar,75.0,0.020396172100000002
10,Ar,80.0,0.020396172100000002
11,Ar,90.0,0.020396172100000002
12,Ar,100.0,0.020396172100000002
13,Ar,120.0,0.020396172100000002
14,Ar,150.0,0.020396172100000002
15,Ar,200.0,0.020396172100000002
0,As,30.0,0.5626153092
1,As,35.0,0.5626153092
2,As,40.0,0.5626153092
3,As,45.0,0.5626153092
4,As,50.0,0.5626153092
5,As,55.0,0.5626153092
6,As,60.0,0.5626153092
7,As,65.0,0.5626153092
8,As,70.0,0.5626153092
9,As,75.0,0.5626153092
10,As,80.0,0.5626153092
11,As,90.0,0.5626153092
12,As,100.0,0.5626153092
13,As,120.0,0.5626153092
14,As,150.0,0.5626153092
15,As,200.0,0.5626153092
0,Au,30.0,0.2074175705
1,Au,35.0,0.2074175705
2,Au,40.0,0.2074175705
3,Au,45.0,0.2074175705
4,Au,50.0,0.2074175705
5,Au,55.0,0.2074175705
6,Au,60.0,0.2074175705
7,Au,65.0,0.2074175705
8,Au,70.0,0.2074175705
9,Au,75.0,0.2074175705
10,Au,80.0,0.2074175705
11,Au,90.0,0.2074175705
12,Au,100.0,0.2074175705
13,Au,120.0,0.2074175705
14,Au,150.0,0.2074175705
15,Au,200.0,0.2074175705
0,B,30.0,0.8176111714000001
1,B,35.0,0.8176111714000001
2,B,40.0,0.8176111714000001
3,B,45.0,0.8176111714000001
4,B,50.0,0.8176111714000001
5,B,55.0,0.8176111714000001
6,B,60.0,0.8176111714000001
7,B,65.0,0.8176111714000001
8,B,70.0,0.8176111714000001
9,B,75.0,0.8176111714000001
10,B,80.0,0.8176111714000001
11,B,90.0,0.8176111714000001
12,B,100.0,0.8176111714000001
13,B,120.0,0.8176111714000001
14,B,150.0,0.8176111714000001
15,B,200.0,0.8176111714000001
0,Ba,30.0,0.45703798370000004
1,Ba,35.0,0.45703798370000004
2,Ba,40.0,0.45703798370000004
3,Ba,45.0,0.45703798370000004
4,Ba,50.0,0.45703798370000004
5,Ba,55.0,0.45703798370000004
6,Ba,60.0,0.45703798370000004
7,Ba,65.0,0.45703798370000004
8,Ba,70.0,0.45703798370000004
9,Ba,75.0,0.45703798370000004
10,Ba,80.0,0.45703798370000004
11,Ba,90.0,0.45703798370000004
12,Ba,100.0,0.45703798370000004
13,Ba,120.0,0.45703798370000004
14,Ba,150.0,0.45703798370000004
15,Ba,200.0,0.45703798370000004
0,Be,30.0,0.9096796131
1,Be,35.0,0.9096796131
2,Be,40.0,0.9096796131
3,Be,45.0,0.9096796131
4,Be,50.0,0.9096796131
5,Be,55.0,0.9096796131
6,Be,60.0,0.9096796131
7,Be,65.0,0.9096796131
8,Be,70.0,0.9096796131
9,Be,75.0,0.9096796131
10,Be,80.0,0.9096796131
11,Be,90.0,0.9096796131
12,Be,100.0,0.9096796131
13,Be,120.0,0.9096796131
14,Be,140.0,0.0
15,Be,150.0,0.9096796131
16,Be,160.0,0.0
17,Be,200.0,0.9096796131
0,Bi,30.0,0.7454455635
1,Bi,35.0,0.7454455635
2,Bi,40.0,0.7454455635
3,Bi,45.0,0.7454455635
4,Bi,50.0,0.7454455635
5,Bi,55.0,0.7454455635
6,Bi,60.0,0.7454455635
7,Bi,65.0,0.7454455635
8,Bi,70.0,0.7454455635
9,Bi,75.0,0.7454455635
10,Bi,80.0,0.7454455635
11,Bi,90.0,0.7454455635
12,Bi,100.0,0.7454455635
13,Bi,120.0,0.7454455635
14,Bi,150.0,0.7454455635
15,Bi,200.0,0.7454455635
0,Br,30.0,0.7644784388
1,Br,35.0,0.7644784388
2,Br,40.0,0.7644784388
3,Br,45.0,0.7644784388
4,Br,50.0,0.7644784388
5,Br,55.0,0.7644784388
6,Br,60.0,0.7644784388
7,Br,65.0,0.7644784388
8,Br,70.0,0.7644784388
9,Br,75.0,0.7644784388
10,Br,80.0,0.7644784388
11,Br,90.0,0.7644784388
12,Br,100.0,0.7644784388
13,Br,120.0,0.7644784388
14,Br,150.0,0.7644784388
15,Br,200.0,0.7644784388
0,C,30.0,0.423733472
1,C,35.0,0.423733472
2,C,40.0,0.423733472
3,C,45.0,0.423733472
4,C,50.0,0.423733472
5,C,55.0,0.423733472
6,C,60.0,0.423733472
7,C,65.0,0.423733472
8,C,70.0,0.423733472
9,C,75.0,0.423733472
10,C,80.0,0.423733472
11,C,90.0,0.423733472
12,C,100.0,0.423733472
13,C,120.0,0.423733472
14,C,150.0,0.423733472
15,C,200.0,0.423733472
0,Ca,30.0,0.1125966048
1,Ca,35.0,0.1125966048
2,Ca,40.0,0.1125966048
3,Ca,45.0,0.1125966048
4,Ca,50.0,0.1125966048
5,Ca,55.0,0.1125966048
6,Ca,60.0,0.1125966048
7,Ca,65.0,0.1125966048
8,Ca,70.0,0.1125966048
9,Ca,75.0,0.1125966048
10,Ca,80.0,0.1125966048
11,Ca,90.0,0.1125966048
12,Ca,100.0,0.1125966048
13,Ca,120.0,0.1125966048
0,Cd,30.0,0.0747419249
1,Cd,35.0,0.0747419249
2,Cd,40.0,0.0747419249
3,Cd,45.0,0.0747419249
4,Cd,50.0,0.0747419249
5,Cd,55.0,0.0747419249
6,Cd,60.0,0.0747419249
7,Cd,65.0,0.0747419249
8,Cd,70.0,0.0747419249
9,Cd,75.0,0.0747419249
10,Cd,80.0,0.0747419249
11,Cd,90.0,0.0747419249
12,Cd,100.0,0.0747419249
13,Cd,120.0,0.0747419249
14,Cd,150.0,0.0747419249
15,Cd,200.0,0.0747419249
0,Cl,30.0,0.49875124610000005
1,Cl,35.0,0.49875124610000005
2,Cl,40.0,0.49875124610000005
3,Cl,45.0,0.49875124610000005
4,Cl,50.0,0.49875124610000005
5,Cl,55.0,0.49875124610000005
6,Cl,60.0,0.49875124610000005
7,Cl,65.0,0.49875124610000005
8,Cl,70.0,0.49875124610000005
9,Cl,75.0,0.49875124610000005
10,Cl,80.0,0.49875124610000005
11,Cl,90.0,0.49875124610000005
12,Cl,100.0,0.49875124610000005
13,Cl,120.0,0.49875124610000005
14,Cl,140.0,0.0
15,Cl,150.0,0.49875124610000005
16,Cl,160.0,0.0
17,Cl,200.0,0.49875124610000005
0,Co,30.0,0.5851827258
1,Co,35.0,0.5851827258
2,Co,40.0,0.5851827258
3,Co,45.0,0.5851827258
4,Co,50.0,0.5851827258
5,Co,55.0,0.5851827258
6,Co,60.0,0.5851827258
7,Co,65.0,0.5851827258
8,Co,70.0,0.5851827258
9,Co,75.0,0.5851827258
10,Co,80.0,0.5851827258
11,Co,90.0,0.5851827258
12,Co,100.0,0.5851827258
13,Co,120.0,0.5851827258
14,Co,140.0,0.0
15,Co,150.0,0.5851827258
16,Co,160.0,0.0
17,Co,200.0,0.5851827258
0,Cr,30.0,1.8588231386
1,Cr,35.0,1.8588231386
2,Cr,40.0,1.8588231386
3,Cr,45.0,1.8588231386
4,Cr,50.0,1.8588231386
5,Cr,55.0,1.8588231386
6,Cr,60.0,1.8588231386
7,Cr,65.0,1.8588231386
8,Cr,70.0,1.8588231386
9,Cr,75.0,1.8588231386
10,Cr,80.0,1.8588231386
11,Cr,90.0,1.8588231386
12,Cr,100.0,1.8588231386
13,Cr,120.0,1.8588231386
14,Cr,150.0,1.8588231386
15,Cr,200.0,1.8588231386
0,Cs,30.0,0.08242059360000001
1,Cs,35.0,0.08242059360000001
2,Cs,40.0,0.08242059360000001
3,Cs,45.0,0.08242059360000001
4,Cs,50.0,0.08242059360000001
5,Cs,55.0,0.08242059360000001
6,Cs,60.0,0.08242059360000001
7,Cs,65.0,0.08242059360000001
8,Cs,70.0,0.08242059360000001
9,Cs,75.0,0.08242059360000001
10,Cs,80.0,0.08242059360000001
11,Cs,90.0,0.08242059360000001
12,Cs,100.0,0.08242059360000001
13,Cs,120.0,0.08242059360000001
14,Cs,150.0,0.08242059360000001
15,Cs,200.0,0.08242059360000001
0,Cu,30.0,0.9212979539
1,Cu,35.0,0.9212979539
2,Cu,40.0,0.9212979539
3,Cu,45.0,0.9212979539
4,Cu,50.0,0.9212979539
5,Cu,55.0,0.9212979539
6,Cu,60.0,0.9212979539
7,Cu,65.0,0.9212979539
8,Cu,70.0,0.9212979539
9,Cu,75.0,0.9212979539
10,Cu,80.0,0.9212979539
11,Cu,90.0,0.9212979539
12,Cu,100.0,0.9212979539
13,Cu,120.0,0.9212979539
14,Cu,150.0,0.9212979539
15,Cu,200.0,0.9212979539
0,Fe,30.0,1.1766104081
1,Fe,35.0,1.1766104081
2,Fe,40.0,1.1766104081
3,Fe,45.0,1.1766104081
4,Fe,50.0,1.1766104081
5,Fe,55.0,1.1766104081
6,Fe,60.0,1.1766104081
7,Fe,65.0,1.1766104081
8,Fe,70.0,1.1766104081
9,Fe,75.0,1.1766104081
10,Fe,80.0,1.1766104081
11,Fe,90.0,1.1766104081
12,Fe,100.0,1.1766104081
13,Fe,120.0,1.1766104081
14,Fe,140.0,0.0
15,Fe,150.0,1.1766104081
16,Fe,160.0,0.0
17,Fe,180.0,0.0
18,Fe,200.0,1.1766104081
0,Ga,30.0,0.1049974899
1,Ga,35.0,0.1049974899
2,Ga,40.0,0.1049974899
3,Ga,45.0,0.1049974899
4,Ga,50.0,0.1049974899
5,Ga,55.0,0.1049974899
6,Ga,60.0,0.1049974899
7,Ga,65.0,0.1049974899
8,Ga,70.0,0.1049974899
9,Ga,75.0,0.1049974899
10,Ga,80.0,0.1049974899
11,Ga,90.0,0.1049974899
12,Ga,100.0,0.1049974899
13,Ga,120.0,0.1049974899
14,Ga,150.0,0.1049974899
15,Ga,200.0,0.1049974899
0,Ge,30.0,0.5103726782
1,Ge,35.0,0.5103726782
2,Ge,40.0,0.5103726782
3,Ge,45.0,0.5103726782
4,Ge,50.0,0.5103726782
5,Ge,55.0,0.5103726782
6,Ge,60.0,0.5103726782
7,Ge,65.0,0.5103726782
8,Ge,70.0,0.5103726782
9,Ge,75.0,0.5103726782
10,Ge,80.0,0.5103726782
11,Ge,90.0,0.5103726782
12,Ge,100.0,0.5103726782
13,Ge,120.0,0.5103726782
14,Ge,150.0,0.5103726782
15,Ge,200.0,0.5103726782
0,H,30.0,0.0460966233
1,H,35.0,0.0460966233
2,H,40.0,0.0460966233
3,H,45.0,0.0460966233
4,H,50.0,0.0460966233
5,H,55.0,0.0460966233
6,H,60.0,0.0460966233
7,H,65.0,0.0460966233
8,H,70.0,0.0460966233
9,H,75.0,0.0460966233
10,H,80.0,0.0460966233
11,H,90.0,0.0460966233
12,H,100.0,0.0460966233
13,H,120.0,0.0460966233
14,H,150.0,0.0460966233
15,H,200.0,0.0460966233
0,He,30.0,0.0128003708
1,He,35.0,0.0128003708
2,He,40.0,0.0128003708
3,He,45.0,0.0128003708
4,He,50.0,0.0128003708
5,He,55.0,0.0128003708
6,He,60.0,0.0128003708
7,He,65.0,0.0128003708
8,He,70.0,0.0128003708
9,He,75.0,0.0128003708
10,He,80.0,0.0128003708
11,He,90.0,0.0128003708
12,He,100.0,0.0128003708
13,He,120.0,0.0128003708
14,He,150.0,0.0128003708
15,He,200.0,0.0128003708
0,Hf,30.0,0.320797271
1,Hf,35.0,0.320797271
2,Hf,40.0,0.320797271
3,Hf,45.0,0.320797271
4,Hf,50.0,0.320797271
5,Hf,55.0,0.320797271
6,Hf,60.0,0.320797271
7,Hf,65.0,0.320797271
8,Hf,70.0,0.320797271
9,Hf,75.0,0.320797271
10,Hf,80.0,0.320797271
11,Hf,90.0,0.320797271
12,Hf,100.0,0.320797271
13,Hf,120.0,0.320797271
14,Hf,140.0,0.0
15,Hf,150.0,0.320797271
16,Hf,160.0,0.0
17,Hf,200.0,0.320797271
0,Hg,30.0,0.1670005081
1,Hg,35.0,0.1670005081
2,Hg,40.0,0.1670005081
3,Hg,45.0,0.1670005081
4,Hg,50.0,0.1670005081
5,Hg,55.0,0.1670005081
6,Hg,60.0,0.1670005081
7,Hg,65.0,0.1670005081
8,Hg,70.0,0.1670005081
9,Hg,75.0,0.1670005081
10,Hg,80.0,0.1670005081
11,Hg,90.0,0.1670005081
12,Hg,100.0,0.1670005081
13,Hg,120.0,0.1670005081
14,Hg,140.0,0.0
15,Hg,150.0,0.1670005081
16,Hg,160.0,0.0
17,Hg,200.0,0.1670005081
0,I,30.0,0.035823017900000004
1,I,35.0,0.035823017900000004
2,I,40.0,0.035823017900000004
3,I,45.0,0.035823017900000004
4,I,50.0,0.035823017900000004
5,I,55.0,0.035823017900000004
6,I,60.0,0.035823017900000004
7,I,65.0,0.035823017900000004
8,I,70.0,0.035823017900000004
9,I,75.0,0.035823017900000004
10,I,80.0,0.035823017900000004
11,I,90.0,0.035823017900000004
12,I,100.0,0.035823017900000004
13,I,120.0,0.035823017900000004
14,I,150.0,0.035823017900000004
15,I,200.0,0.035823017900000004
0,In,30.0,0.2952723148
1,In,35.0,0.2952723148
2,In,40.0,0.2952723148
3,In,45.0,0.2952723148
4,In,50.0,0.2952723148
5,In,55.0,0.2952723148
6,In,60.0,0.2952723148
7,In,65.0,0.2952723148
8,In,70.0,0.2952723148
9,In,75.0,0.2952723148
10,In,80.0,0.2952723148
11,In,90.0,0.2952723148
12,In,100.0,0.2952723148
13,In,120.0,0.2952723148
14,In,150.0,0.2952723148
15,In,200.0,0.2952723148
0,Ir,30.0,0.1127347528
1,Ir,35.0,0.1127347528
2,Ir,40.0,0.1127347528
3,Ir,45.0,0.1127347528
4,Ir,50.0,0.1127347528
5,Ir,55.0,0.1127347528
6,Ir,60.0,0.1127347528
7,Ir,65.0,0.1127347528
8,Ir,70.0,0.1127347528
9,Ir,75.0,0.1127347528
10,Ir,80.0,0.1127347528
11,Ir,90.0,0.1127347528
12,Ir,100.0,0.1127347528
13,Ir,120.0,0.1127347528
14,Ir,150.0,0.1127347528
15,Ir,200.0,0.1127347528
0,K,30.0,0.0181331466
1,K,35.0,0.0181331466
2,K,40.0,0.0181331466
3,K,45.0,0.0181331466
4,K,50.0,0.0181331466
5,K,55.0,0.0181331466
6,K,60.0,0.0181331466
7,K,65.0,0.0181331466
8,K,70.0,0.0181331466
9,K,75.0,0.0181331466
10,K,80.0,0.0181331466
11,K,90.0,0.0181331466
12,K,100.0,0.0181331466
13,K,120.0,0.0181331466
14,K,150.0,0.0181331466
15,K,200.0,0.0181331466
0,Kr,30.0,0.0369033712
1,Kr,35.0,0.0369033712
2,Kr,40.0,0.0369033712
3,Kr,45.0,0.0369033712
4,Kr,50.0,0.0369033712
5,Kr,55.0,0.0369033712
6,Kr,60.0,0.0369033712
7,Kr,65.0,0.0369033712
8,Kr,70.0,0.0369033712
9,Kr,75.0,0.0369033712
10,Kr,80.0,0.0369033712
11,Kr,90.0,0.0369033712
12,Kr,100.0,0.0369033712
13,Kr,120.0,0.0369033712
14,Kr,150.0,0.0369033712
15,Kr,200.0,0.0369033712
0,Li,30.0,0.0163519482
1,Li,35.0,0.0163519482
2,Li,40.0,0.0163519482
3,Li,45.0,0.0163519482
4,Li,50.0,0.0163519482
5,Li,55.0,0.0163519482
6,Li,60.0,0.0163519482
7,Li,65.0,0.0163519482
8,Li,70.0,0.0163519482
9,Li,75.0,0.0163519482
10,Li,80.0,0.0163519482
11,Li,90.0,0.0163519482
12,Li,100.0,0.0163519482
13,Li,120.0,0.0163519482
14,Li,150.0,0.0163519482
15,Li,200.0,0.0163519482
0,Mg,30.0,0.46190966910000003
1,Mg,35.0,0.46190966910000003
2,Mg,40.0,0.46190966910000003
3,Mg,45.0,0.46190966910000003
4,Mg,50.0,0.46190966910000003
5,Mg,55.0,0.46190966910000003
6,Mg,60.0,0.46190966910000003
7,Mg,65.0,0.46190966910000003
8,Mg,70.0,0.46190966910000003
9,Mg,75.0,0.46190966910000003
10,Mg,80.0,0.46190966910000003
11,Mg,90.0,0.46190966910000003
12,Mg,100.0,0.46190966910000003
13,Mg,120.0,0.46190966910000003
14,Mg,150.0,0.46190966910000003
15,Mg,200.0,0.46190966910000003
0,Mn,30.0,2.0577519576
1,Mn,35.0,2.0577519576
2,Mn,40.0,2.0577519576
3,Mn,45.0,2.0577519576
4,Mn,50.0,2.0577519576
5,Mn,55.0,2.0577519576
6,Mn,60.0,2.0577519576
7,Mn,65.0,2.0577519576
8,Mn,70.0,2.0577519576
9,Mn,75.0,2.0577519576
10,Mn,80.0,2.0577519576
11,Mn,90.0,2.0577519576
12,Mn,100.0,2.0577519576
13,Mn,120.0,2.0577519576
14,Mn,140.0,0.0
15,Mn,150.0,2.0577519576
16,Mn,160.0,0.0
17,Mn,180.0,0.0
18,Mn,200.0,2.0577519576
0,Mo,30.0,0.19923468190000002
1,Mo,35.0,0.19923468190000002
2,Mo,40.0,0.19923468190000002
3,Mo,45.0,0.19923468190000002
4,Mo,50.0,0.19923468190000002
5,Mo,55.0,0.19923468190000002
6,Mo,60.0,0.19923468190000002
7,Mo,65.0,0.19923468190000002
8,Mo,70.0,0.19923468190000002
9,Mo,75.0,0.19923468190000002
10,Mo,80.0,0.19923468190000002
11,Mo,90.0,0.19923468190000002
12,Mo,100.0,0.19923468190000002
13,Mo,120.0,0.19923468190000002
14,Mo,150.0,0.19923468190000002
15,Mo,200.0,0.19923468190000002
0,Na,30.0,0.5595818529000001
1,Na,35.0,0.5595818529000001
2,Na,40.0,0.5595818529000001
3,Na,45.0,0.5595818529000001
4,Na,50.0,0.5595818529000001
5,Na,55.0,0.5595818529000001
6,Na,60.0,0.5595818529000001
7,Na,65.0,0.5595818529000001
8,Na,70.0,0.5595818529000001
9,Na,75.0,0.5595818529000001
10,Na,80.0,0.5595818529000001
11,Na,90.0,0.5595818529000001
12,Na,100.0,0.5595818529000001
13,Na,120.0,0.5595818529000001
14,Na,150.0,0.5595818529000001
15,Na,200.0,0.5595818529000001
0,Nb,30.0,0.5601233567
1,Nb,35.0,0.5601233567
2,Nb,40.0,0.5601233567
3,Nb,45.0,0.5601233567
4,Nb,50.0,0.5601233567
5,Nb,55.0,0.5601233567
6,Nb,60.0,0.5601233567
7,Nb,65.0,0.5601233567
8,Nb,70.0,0.5601233567
9,Nb,75.0,0.5601233567
10,Nb,80.0,0.5601233567
11,Nb,90.0,0.5601233567
12,Nb,100.0,0.5601233567
13,Nb,120.0,0.5601233567
14,Nb,150.0,0.5601233567
15,Nb,200.0,0.5601233567
0,Ne,30.0,0.0221681864
1,Ne,35.0,0.0221681864
2,Ne,40.0,0.0221681864
3,Ne,45.0,0.0221681864
4,Ne,50.0,0.0221681864
5,Ne,55.0,0.0221681864
6,Ne,60.0,0.0221681864
7,Ne,65.0,0.0221681864
8,Ne,70.0,0.0221681864
9,Ne,75.0,0.0221681864
10,Ne,80.0,0.0221681864
11,Ne,90.0,0.0221681864
12,Ne,100.0,0.0221681864
13,Ne,120.0,0.0221681864
14,Ne,140.0,0.0
15,Ne,150.0,0.0221681864
16,Ne,160.0,0.0
17,Ne,180.0,0.0
18,Ne,200.0,0.0221681864
0,Ni,30.0,0.08510339210000001
1,Ni,35.0,0.08510339210000001
2,Ni,40.0,0.08510339210000001
3,Ni,45.0,0.08510339210000001
4,Ni,50.0,0.08510339210000001
5,Ni,55.0,0.08510339210000001
6,Ni,60.0,0.08510339210000001
7,Ni,65.0,0.08510339210000001
8,Ni,70.0,0.08510339210000001
9,Ni,75.0,0.08510339210000001
10,Ni,80.0,0.08510339210000001
11,Ni,90.0,0.08510339210000001
12,Ni,100.0,0.08510339210000001
13,Ni,120.0,0.08510339210000001
14,Ni,150.0,0.08510339210000001
15,Ni,200.0,0.08510339210000001
0,O,30.0,1.116433447
1,O,35.0,1.116433447
2,O,40.0,1.116433447
3,O,45.0,1.116433447
4,O,50.0,1.116433447
5,O,55.0,1.116433447
6,O,60.0,1.116433447
7,O,65.0,1.116433447
8,O,70.0,1.116433447
9,O,75.0,1.116433447
10,O,80.0,1.116433447
11,O,90.0,1.116433447
12,O,100.0,1.116433447
13,O,120.0,1.116433447
14,O,140.0,0.0
15,O,150.0,1.116433447
16,O,160.0,0.0
17,O,200.0,1.116433447
0,Os,30.0,1.5183680101
1,Os,35.0,1.5183680101
2,Os,40.0,1.5183680101
3,Os,45.0,1.5183680101
4,Os,50.0,1.5183680101
5,Os,55.0,1.5183680101
6,Os,60.0,1.5183680101
7,Os,65.0,1.5183680101
8,Os,70.0,1.5183680101
9,Os,75.0,1.5183680101
10,Os,80.0,1.5183680101
11,Os,90.0,1.5183680101
12,Os,100.0,1.5183680101
13,Os,120.0,1.5183680101
14,Os,150.0,1.5183680101
15,Os,200.0,1.5183680101
0,P,30.0,0.0320304545
1,P,35.0,0.0320304545
2,P,40.0,0.0320304545
3,P,45.0,0.0320304545
4,P,50.0,0.0320304545
5,P,55.0,0.0320304545
6,P,60.0,0.0320304545
7,P,65.0,0.0320304545
8,P,70.0,0.0320304545
9,P,75.0,0.0320304545
10,P,80.0,0.0320304545
11,P,90.0,0.0320304545
12,P,100.0,0.0320304545
13,P,120.0,0.0320304545
14,P,150.0,0.0320304545
15,P,200.0,0.0320304545
0,Pb,30.0,0.2708545255
1,Pb,35.0,0.2708545255
2,Pb,40.0,0.2708545255
3,Pb,45.0,0.2708545255
4,Pb,50.0,0.2708545255
5,Pb,55.0,0.2708545255
6,Pb,60.0,0.2708545255
7,Pb,65.0,0.2708545255
8,Pb,70.0,0.2708545255
9,Pb,75.0,0.2708545255
10,Pb,80.0,0.2708545255
11,Pb,90.0,0.2708545255
12,Pb,100.0,0.2708545255
13,Pb,120.0,0.2708545255
14,Pb,150.0,0.2708545255
15,Pb,200.0,0.2708545255
0,Pd,30.0,0.1393316906
1,Pd,35.0,0.1393316906
2,Pd,40.0,0.1393316906
3,Pd,45.0,0.1393316906
4,Pd,50.0,0.1393316906
5,Pd,55.0,0.1393316906
6,Pd,60.0,0.1393316906
7,Pd,65.0,0.1393316906
8,Pd,70.0,0.1393316906
9,Pd,75.0,0.1393316906
10,Pd,80.0,0.1393316906
11,Pd,90.0,0.1393316906
12,Pd,100.0,0.1393316906
13,Pd,120.0,0.1393316906
14,Pd,150.0,0.1393316906
15,Pd,200.0,0.1393316906
0,Po,30.0,0.0426113019
1,Po,35.0,0.0426113019
2,Po,40.0,0.0426113019
3,Po,45.0,0.0426113019
4,Po,50.0,0.0426113019
5,Po,55.0,0.0426113019
6,Po,60.0,0.0426113019
7,Po,65.0,0.0426113019
8,Po,70.0,0.0426113019
9,Po,75.0,0.0426113019
10,Po,80.0,0.0426113019
11,Po,90.0,0.0426113019
12,Po,100.0,0.0426113019
13,Po,120.0,0.0426113019
14,Po,140.0,0.0
15,Po,150.0,0.0426113019
16,Po,160.0,0.0
17,Po,200.0,0.0426113019
0,Pt,30.0,2.1628785602
1,Pt,35.0,2.1628785602
2,Pt,40.0,2.1628785602
3,Pt,45.0,2.1628785602
4,Pt,50.0,2.1628785602
5,Pt,55.0,2.1628785602
6,Pt,60.0,2.1628785602
7,Pt,65.0,2.1628785602
8,Pt,70.0,2.1628785602
9,Pt,75.0,2.1628785602
10,Pt,80.0,2.1628785602
11,Pt,90.0,2.1628785602
12,Pt,100.0,2.1628785602
13,Pt,120.0,2.1628785602
14,Pt,150.0,2.1628785602
15,Pt,200.0,2.1628785602
0,Rb,30.0,0.0814176842
1,Rb,35.0,0.0814176842
2,Rb,40.0,0.0814176842
3,Rb,45.0,0.0814176842
4,Rb,50.0,0.0814176842
5,Rb,55.0,0.0814176842
6,Rb,60.0,0.0814176842
7,Rb,65.0,0.0814176842
8,Rb,70.0,0.0814176842
9,Rb,75.0,0.0814176842
10,Rb,80.0,0.0814176842
11,Rb,90.0,0.0814176842
12,Rb,100.0,0.0814176842
13,Rb,120.0,0.0814176842
14,Rb,150.0,0.0814176842
15,Rb,200.0,0.0814176842
0,Re,30.0,0.6611741024000001
1,Re,35.0,0.6611741024000001
2,Re,40.0,0.6611741024000001
3,Re,45.0,0.6611741024000001
4,Re,50.0,0.6611741024000001
5,Re,55.0,0.6611741024000001
6,Re,60.0,0.6611741024000001
7,Re,65.0,0.6611741024000001
8,Re,70.0,0.6611741024000001
9,Re,75.0,0.6611741024000001
10,Re,80.0,0.6611741024000001
11,Re,90.0,0.6611741024000001
12,Re,100.0,0.6611741024000001
13,Re,120.0,0.6611741024000001
14,Re,150.0,0.6611741024000001
15,Re,200.0,0.6611741024000001
0,Rh,30.0,0.5642669371
1,Rh,35.0,0.5642669371
2,Rh,40.0,0.5642669371
3,Rh,45.0,0.5642669371
4,Rh,50.0,0.5642669371
5,Rh,55.0,0.5642669371
6,Rh,60.0,0.5642669371
7,Rh,65.0,0.5642669371
8,Rh,70.0,0.5642669371
9,Rh,75.0,0.5642669371
10,Rh,80.0,0.5642669371
11,Rh,90.0,0.5642669371
12,Rh,100.0,0.5642669371
13,Rh,120.0,0.5642669371
14,Rh,150.0,0.5642669371
15,Rh,200.0,0.5642669371
0,Rn,30.0,0.054024309300000004
1,Rn,35.0,0.054024309300000004
2,Rn,40.0,0.054024309300000004
3,Rn,45.0,0.054024309300000004
4,Rn,50.0,0.054024309300000004
5,Rn,55.0,0.054024309300000004
6,Rn,60.0,0.054024309300000004
7,Rn,65.0,0.054024309300000004
8,Rn,70.0,0.054024309300000004
9,Rn,75.0,0.054024309300000004
10,Rn,80.0,0.054024309300000004
11,Rn,90.0,0.054024309300000004
12,Rn,100.0,0.054024309300000004
13,Rn,120.0,0.054024309300000004
14,Rn,150.0,0.0
15,Rn,200.0,0.054024309300000004
0,Ru,30.0,0.4869977185
1,Ru,35.0,0.4869977185
2,Ru,40.0,0.4869977185
3,Ru,45.0,0.4869977185
4,Ru,50.0,0.4869977185
5,Ru,55.0,0.4869977185
6,Ru,60.0,0.4869977185
7,Ru,65.0,0.4869977185
8,Ru,70.0,0.4869977185
9,Ru,75.0,0.4869977185
10,Ru,80.0,0.4869977185
11,Ru,90.0,0.4869977185
12,Ru,100.0,0.4869977185
13,Ru,120.0,0.4869977185
14,Ru,150.0,0.4869977185
15,Ru,200.0,0.4869977185
0,S,30.0,0.111644221
1,S,35.0,0.111644221
2,S,40.0,0.111644221
3,S,45.0,0.111644221
4,S,50.0,0.111644221
5,S,55.0,0.111644221
6,S,60.0,0.111644221
7,S,65.0,0.111644221
8,S,70.0,0.111644221
9,S,75.0,0.111644221
10,S,80.0,0.111644221
11,S,90.0,0.111644221
12,S,100.0,0.111644221
13,S,120.0,0.111644221
14,S,150.0,0.111644221
15,S,200.0,0.111644221
0,Sb,30.0,0.4579761731
1,Sb,35.0,0.4579761731
2,Sb,40.0,0.4579761731
3,Sb,45.0,0.4579761731
4,Sb,50.0,0.4579761731
5,Sb,55.0,0.4579761731
6,Sb,60.0,0.4579761731
7,Sb,65.0,0.4579761731
8,Sb,70.0,0.4579761731
9,Sb,75.0,0.4579761731
10,Sb,80.0,0.4579761731
11,Sb,90.0,0.4579761731
12,Sb,100.0,0.4579761731
13,Sb,120.0,0.4579761731
14,Sb,150.0,0.4579761731
15,Sb,200.0,0.4579761731
0,Sc,30.0,0.2323073163
1,Sc,35.0,0.2323073163
2,Sc,40.0,0.2323073163
3,Sc,45.0,0.2323073163
4,Sc,50.0,0.2323073163
5,Sc,55.0,0.2323073163
6,Sc,60.0,0.2323073163
7,Sc,65.0,0.2323073163
8,Sc,70.0,0.2323073163
9,Sc,75.0,0.2323073163
10,Sc,80.0,0.2323073163
11,Sc,90.0,0.2323073163
12,Sc,100.0,0.2323073163
13,Sc,120.0,0.2323073163
14,Sc,150.0,0.2323073163
15,Sc,200.0,0.2323073163
0,Se,30.0,0.0894406123
1,Se,35.0,0.0894406123
2,Se,40.0,0.0894406123
3,Se,45.0,0.0894406123
4,Se,50.0,0.0894406123
5,Se,55.0,0.0894406123
6,Se,60.0,0.0894406123
7,Se,65.0,0.0894406123
8,Se,70.0,0.0894406123
9,Se,75.0,0.0894406123
10,Se,80.0,0.0894406123
11,Se,90.0,0.0894406123
12,Se,100.0,0.0894406123
13,Se,120.0,0.0894406123
14,Se,150.0,0.0894406123
15,Se,200.0,0.0894406123
0,Si,30.0,0.0179325133
1,Si,35.0,0.0179325133
2,Si,40.0,0.0179325133
3,Si,45.0,0.0179325133
4,Si,50.0,0.0179325133
5,Si,55.0,0.0179325133
6,Si,60.0,0.0179325133
7,Si,65.0,0.0179325133
8,Si,70.0,0.0179325133
9,Si,75.0,0.0179325133
10,Si,80.0,0.0179325133
11,Si,90.0,0.0179325133
12,Si,100.0,0.0179325133
13,Si,120.0,0.0179325133
14,Si,150.0,0.0179325133
15,Si,200.0,0.0179325133
0,Sn,30.0,0.1746515814
1,Sn,35.0,0.1746515814
2,Sn,40.0,0.1746515814
3,Sn,45.0,0.1746515814
4,Sn,50.0,0.1746515814
5,Sn,55.0,0.1746515814
6,Sn,60.0,0.1746515814
7,Sn,65.0,0.1746515814
8,Sn,70.0,0.1746515814
9,Sn,75.0,0.1746515814
10,Sn,80.0,0.1746515814
11,Sn,90.0,0.1746515814
12,Sn,100.0,0.1746515814
13,Sn,120.0,0.1746515814
14,Sn,150.0,0.1746515814
15,Sn,200.0,0.1746515814
0,Sr,30.0,0.0686208053
1,Sr,35.0,0.0686208053
2,Sr,40.0,0.0686208053
3,Sr,45.0,0.0686208053
4,Sr,50.0,0.0686208053
5,Sr,55.0,0.0686208053
6,Sr,60.0,0.0686208053
7,Sr,65.0,0.0686208053
8,Sr,70.0,0.0686208053
9,Sr,75.0,0.0686208053
10,Sr,80.0,0.0686208053
11,Sr,90.0,0.0686208053
12,Sr,100.0,0.0686208053
13,Sr,120.0,0.0686208053
0,Ta,30.0,0.38325333850000004
1,Ta,35.0,0.38325333850000004
2,Ta,40.0,0.38325333850000004
3,Ta,45.0,0.38325333850000004
4,Ta,50.0,0.38325333850000004
5,Ta,55.0,0.38325333850000004
6,Ta,60.0,0.38325333850000004
7,Ta,65.0,0.38325333850000004
8,Ta,70.0,0.38325333850000004
9,Ta,75.0,0.38325333850000004
10,Ta,80.0,0.38325333850000004
11,Ta,90.0,0.38325333850000004
12,Ta,100.0,0.38325333850000004
13,Ta,120.0,0.38325333850000004
14,Ta,150.0,0.38325333850000004
15,Ta,200.0,0.38325333850000004
0,Tc,30.0,0.2474776854
1,Tc,35.0,0.2474776854
2,Tc,40.0,0.2474776854
3,Tc,45.0,0.2474776854
4,Tc,50.0,0.2474776854
5,Tc,55.0,0.2474776854
6,Tc,60.0,0.2474776854
7,Tc,65.0,0.2474776854
8,Tc,70.0,0.2474776854
9,Tc,75.0,0.2474776854
10,Tc,80.0,0.2474776854
11,Tc,90.0,0.2474776854
12,Tc,100.0,0.2474776854
13,Tc,120.0,0.2474776854
14,Tc,150.0,0.2474776854
15,Tc,200.0,0.2474776854
0,Te,30.0,0.3892261171
1,Te,35.0,0.3892261171
2,Te,40.0,0.3892261171
3,Te,45.0,0.3892261171
4,Te,50.0,0.3892261171
5,Te,55.0,0.3892261171
6,Te,60.0,0.3892261171
7,Te,65.0,0.3892261171
8,Te,70.0,0.3892261171
9,Te,75.0,0.3892261171
10,Te,80.0,0.3892261171
11,Te,90.0,0.3892261171
12,Te,100.0,0.3892261171
13,Te,120.0,0.3892261171
14,Te,150.0,0.3892261171
15,Te,200.0,0.3892261171
0,Ti,30.0,0.08731106150000001
1,Ti,35.0,0.08731106150000001
2,Ti,40.0,0.08731106150000001
3,Ti,45.0,0.08731106150000001
4,Ti,50.0,0.08731106150000001
5,Ti,55.0,0.08731106150000001
6,Ti,60.0,0.08731106150000001
7,Ti,65.0,0.08731106150000001
8,Ti,70.0,0.08731106150000001
9,Ti,75.0,0.08731106150000001
10,Ti,80.0,0.08731106150000001
11,Ti,90.0,0.08731106150000001
12,Ti,100.0,0.08731106150000001
13,Ti,120.0,0.08731106150000001
14,Ti,150.0,0.08731106150000001
15,Ti,200.0,0.08731106150000001
0,Tl,30.0,0.057427517500000004
1,Tl,35.0,0.057427517500000004
2,Tl,40.0,0.057427517500000004
3,Tl,45.0,0.057427517500000004
4,Tl,50.0,0.057427517500000004
5,Tl,55.0,0.057427517500000004
6,Tl,60.0,0.057427517500000004
7,Tl,65.0,0.057427517500000004
8,Tl,70.0,0.057427517500000004
9,Tl,75.0,0.057427517500000004
10,Tl,80.0,0.057427517500000004
11,Tl,90.0,0.057427517500000004
12,Tl,100.0,0.057427517500000004
13,Tl,120.0,0.057427517500000004
14,Tl,150.0,0.057427517500000004
15,Tl,200.0,0.057427517500000004
0,V,30.0,0.5700618761
1,V,35.0,0.5700618761
2,V,40.0,0.5700618761
3,V,45.0,0.5700618761
4,V,50.0,0.5700618761
5,V,55.0,0.5700618761
6,V,60.0,0.5700618761
7,V,65.0,0.5700618761
8,V,70.0,0.5700618761
9,V,75.0,0.5700618761
10,V,80.0,0.5700618761
11,V,90.0,0.5700618761
12,V,100.0,0.5700618761
13,V,120.0,0.5700618761
14,V,150.0,0.5700618761
15,V,200.0,0.5700618761
0,W,30.0,0.406702153
1,W,35.0,0.406702153
2,W,40.0,0.406702153
3,W,45.0,0.406702153
4,W,50.0,0.406702153
5,W,55.0,0.406702153
6,W,60.0,0.406702153
7,W,65.0,0.406702153
8,W,70.0,0.406702153
9,W,75.0,0.406702153
10,W,80.0,0.406702153
11,W,90.0,0.406702153
12,W,100.0,0.406702153
13,W,120.0,0.406702153
14,W,150.0,0.406702153
15,W,200.0,0.406702153
0,Xe,30.0,0.0425334429
1,Xe,35.0,0.0425334429
2,Xe,40.0,0.0425334429
3,Xe,45.0,0.0425334429
4,Xe,50.0,0.0425334429
5,Xe,55.0,0.0425334429
6,Xe,60.0,0.0425334429
7,Xe,65.0,0.0425334429
8,Xe,70.0,0.0425334429
9,Xe,75.0,0.0425334429
10,Xe,80.0,0.0425334429
11,Xe,90.0,0.0425334429
12,Xe,100.0,0.0425334429
13,Xe,120.0,0.0425334429
14,Xe,150.0,0.0425334429
15,Xe,200.0,0.0425334429
0,Y,30.0,0.12830966030000002
1,Y,35.0,0.12830966030000002
2,Y,40.0,0.12830966030000002
3,Y,45.0,0.12830966030000002
4,Y,50.0,0.12830966030000002
5,Y,55.0,0.12830966030000002
6,Y,60.0,0.12830966030000002
7,Y,65.0,0.12830966030000002
8,Y,70.0,0.12830966030000002
9,Y,75.0,0.12830966030000002
10,Y,80.0,0.12830966030000002
11,Y,90.0,0.12830966030000002
12,Y,100.0,0.12830966030000002
13,Y,120.0,0.12830966030000002
14,Y,150.0,0.12830966030000002
15,Y,200.0,0.12830966030000002
0,Zn,30.0,0.3960975317
1,Zn,35.0,0.3960975317
2,Zn,40.0,0.3960975317
3,Zn,45.0,0.3960975317
4,Zn,50.0,0.3960975317
5,Zn,55.0,0.3960975317
6,Zn,60.0,0.3960975317
7,Zn,65.0,0.3960975317
8,Zn,70.0,0.3960975317
9,Zn,75.0,0.3960975317
10,Zn,80.0,0.3960975317
11,Zn,90.0,0.3960975317
12,Zn,100.0,0.3960975317
13,Zn,120.0,0.3960975317
14,Zn,140.0,0.0
15,Zn,150.0,0.0
16,Zn,160.0,0.0
17,Zn,200.0,0.0
0,Zr,30.0,0.11902896
1,Zr,35.0,0.11902896
2,Zr,40.0,0.11902896
3,Zr,45.0,0.11902896
4,Zr,50.0,0.11902896
5,Zr,55.0,0.11902896
6,Zr,60.0,0.11902896
7,Zr,65.0,0.11902896
8,Zr,70.0,0.11902896
9,Zr,75.0,0.11902896
10,Zr,80.0,0.11902896
11,Zr,90.0,0.11902896
12,Zr,100.0,0.11902896
13,Zr,120.0,0.11902896
14,Zr,150.0,0.11902896
15,Zr,200.0,0.11902896
